"filename", "language", "Ini", "JSON", "Python", "YAML", "Shell Script", "pip requirements", "Batch", "Makefile", "HTML", "PostCSS", "JavaScript", "Markdown", "PowerShell", "comment", "blank", "total"
"f:\coding\plexichat\.agent.md", "Markdown", 0, 0, 0, 0, 0, 0, 0, 0, 0, 0, 0, 0, 0, 0, 1, 1
"f:\coding\plexichat\.github\dependabot.yml", "YAML", 0, 0, 0, 18, 0, 0, 0, 0, 0, 0, 0, 0, 0, 3, 2, 23
"f:\coding\plexichat\.github\workflows\ci.yml", "YAML", 0, 0, 0, 105, 0, 0, 0, 0, 0, 0, 0, 0, 0, 1, 5, 111
"f:\coding\plexichat\.github\workflows\docker.yml", "YAML", 0, 0, 0, 85, 0, 0, 0, 0, 0, 0, 0, 0, 0, 0, 17, 102
"f:\coding\plexichat\.github\workflows\docs.yml", "YAML", 0, 0, 0, 297, 0, 0, 0, 0, 0, 0, 0, 0, 0, 16, 46, 359
"f:\coding\plexichat\.pre-commit-config.yaml", "YAML", 0, 0, 0, 25, 0, 0, 0, 0, 0, 0, 0, 0, 0, 0, 1, 26
"f:\coding\plexichat\Makefile", "Makefile", 0, 0, 0, 0, 0, 0, 0, 360, 0, 0, 0, 0, 0, 47, 39, 446
"f:\coding\plexichat\config.yaml", "YAML", 0, 0, 0, 18, 0, 0, 0, 0, 0, 0, 0, 0, 0, 0, 4, 22
"f:\coding\plexichat\config\plexichat.yaml", "YAML", 0, 0, 0, 50, 0, 0, 0, 0, 0, 0, 0, 0, 0, 0, 9, 59
"f:\coding\plexichat\desktop.ini", "Ini", 4, 0, 0, 0, 0, 0, 0, 0, 0, 0, 0, 0, 0, 0, 1, 5
"f:\coding\plexichat\htmlcov\index.html", "HTML", 0, 0, 0, 0, 0, 0, 0, 0, 23, 0, 0, 0, 0, 0, 1, 24
"f:\coding\plexichat\htmlcov\mypy-html.css", "PostCSS", 0, 0, 0, 0, 0, 0, 0, 0, 0, 70, 0, 0, 0, 10, 25, 105
"f:\coding\plexichat\package-lock.json", "JSON", 0, 34, 0, 0, 0, 0, 0, 0, 0, 0, 0, 0, 0, 0, 1, 35
"f:\coding\plexichat\package.json", "JSON", 0, 5, 0, 0, 0, 0, 0, 0, 0, 0, 0, 0, 0, 0, 1, 6
"f:\coding\plexichat\plugins\advanced_analytics\plugin.json", "JSON", 0, 142, 0, 0, 0, 0, 0, 0, 0, 0, 0, 0, 0, 0, 0, 142
"f:\coding\plexichat\plugins\advanced_antivirus\__init__.py", "Python", 0, 0, 18, 0, 0, 0, 0, 0, 0, 0, 0, 0, 0, 12, 5, 35
"f:\coding\plexichat\plugins\advanced_antivirus\comprehensive_antivirus_manager.py", "Python", 0, 0, 274, 0, 0, 0, 0, 0, 0, 0, 0, 0, 0, 60, 49, 383
"f:\coding\plexichat\plugins\advanced_antivirus\core\__init__.py", "Python", 0, 0, 130, 0, 0, 0, 0, 0, 0, 0, 0, 0, 0, 14, 32, 176
"f:\coding\plexichat\plugins\advanced_antivirus\core\antivirus_engine.py", "Python", 0, 0, 377, 0, 0, 0, 0, 0, 0, 0, 0, 0, 0, 73, 72, 522
"f:\coding\plexichat\plugins\advanced_antivirus\core\behavioral_analyzer.py", "Python", 0, 0, 136, 0, 0, 0, 0, 0, 0, 0, 0, 0, 0, 32, 22, 190
"f:\coding\plexichat\plugins\advanced_antivirus\core\filename_analyzer.py", "Python", 0, 0, 254, 0, 0, 0, 0, 0, 0, 0, 0, 0, 0, 50, 49, 353
"f:\coding\plexichat\plugins\advanced_antivirus\core\hash_scanner.py", "Python", 0, 0, 167, 0, 0, 0, 0, 0, 0, 0, 0, 0, 0, 28, 26, 221
"f:\coding\plexichat\plugins\advanced_antivirus\core\link_scanner.py", "Python", 0, 0, 197, 0, 0, 0, 0, 0, 0, 0, 0, 0, 0, 31, 27, 255
"f:\coding\plexichat\plugins\advanced_antivirus\core\message_scanner.py", "Python", 0, 0, 98, 0, 0, 0, 0, 0, 0, 0, 0, 0, 0, 24, 16, 138
"f:\coding\plexichat\plugins\advanced_antivirus\core\threat_intelligence.py", "Python", 0, 0, 133, 0, 0, 0, 0, 0, 0, 0, 0, 0, 0, 33, 43, 209
"f:\coding\plexichat\plugins\advanced_antivirus\main.py", "Python", 0, 0, 129, 0, 0, 0, 0, 0, 0, 0, 0, 0, 0, 51, 26, 206
"f:\coding\plexichat\plugins\advanced_antivirus\plugin.json", "JSON", 0, 15, 0, 0, 0, 0, 0, 0, 0, 0, 0, 0, 0, 0, 0, 15
"f:\coding\plexichat\plugins\ai_providers\main.py", "Python", 0, 0, 247, 0, 0, 0, 0, 0, 0, 0, 0, 0, 0, 37, 73, 357
"f:\coding\plexichat\plugins\ai_providers\plugin.json", "JSON", 0, 97, 0, 0, 0, 0, 0, 0, 0, 0, 0, 0, 0, 0, 1, 98
"f:\coding\plexichat\plugins\ai_providers\providers\__init__.py", "Python", 0, 0, 53, 0, 0, 0, 0, 0, 0, 0, 0, 0, 0, 9, 13, 75
"f:\coding\plexichat\plugins\ai_providers\providers\bitnet.py", "Python", 0, 0, 160, 0, 0, 0, 0, 0, 0, 0, 0, 0, 0, 32, 46, 238
"f:\coding\plexichat\plugins\ai_providers\providers\huggingface.py", "Python", 0, 0, 157, 0, 0, 0, 0, 0, 0, 0, 0, 0, 0, 28, 42, 227
"f:\coding\plexichat\plugins\ai_providers\providers\llama.py", "Python", 0, 0, 135, 0, 0, 0, 0, 0, 0, 0, 0, 0, 0, 26, 36, 197
"f:\coding\plexichat\plugins\ai_providers\requirements.txt", "pip requirements", 0, 0, 0, 0, 0, 6, 0, 0, 0, 0, 0, 0, 0, 0, 1, 7
"f:\coding\plexichat\plugins\ai_providers\tests\suite.py", "Python", 0, 0, 353, 0, 0, 0, 0, 0, 0, 0, 0, 0, 0, 33, 75, 461
"f:\coding\plexichat\plugins\ai_providers\webui\panel.py", "Python", 0, 0, 364, 0, 0, 0, 0, 0, 0, 0, 0, 0, 0, 24, 40, 428
"f:\coding\plexichat\plugins\analytics_dashboard\plugin.json", "JSON", 0, 129, 0, 0, 0, 0, 0, 0, 0, 0, 0, 0, 0, 0, 1, 130
"f:\coding\plexichat\plugins\api_integration_layer\main.py", "Python", 0, 0, 608, 0, 0, 0, 0, 0, 0, 0, 0, 0, 0, 113, 146, 867
"f:\coding\plexichat\plugins\api_integration_layer\plugin.json", "JSON", 0, 186, 0, 0, 0, 0, 0, 0, 0, 0, 0, 0, 0, 0, 1, 187
"f:\coding\plexichat\plugins\api_integration_layer\requirements.txt", "pip requirements", 0, 0, 0, 0, 0, 16, 0, 0, 0, 0, 0, 0, 0, 0, 1, 17
"f:\coding\plexichat\plugins\api_tester\main.py", "Python", 0, 0, 1244, 0, 0, 0, 0, 0, 0, 0, 0, 0, 0, 144, 292, 1680
"f:\coding\plexichat\plugins\api_tester\plugin.json", "JSON", 0, 83, 0, 0, 0, 0, 0, 0, 0, 0, 0, 0, 0, 0, 1, 84
"f:\coding\plexichat\plugins\api_tester\requirements.txt", "pip requirements", 0, 0, 0, 0, 0, 13, 0, 0, 0, 0, 0, 0, 0, 0, 1, 14
"f:\coding\plexichat\plugins\code_analyzer\main.py", "Python", 0, 0, 480, 0, 0, 0, 0, 0, 0, 0, 0, 0, 0, 81, 129, 690
"f:\coding\plexichat\plugins\code_analyzer\plugin.json", "JSON", 0, 88, 0, 0, 0, 0, 0, 0, 0, 0, 0, 0, 0, 0, 1, 89
"f:\coding\plexichat\plugins\code_analyzer\requirements.txt", "pip requirements", 0, 0, 0, 0, 0, 15, 0, 0, 0, 0, 0, 0, 0, 0, 1, 16
"f:\coding\plexichat\plugins\comprehensive_api_test\main.py", "Python", 0, 0, 434, 0, 0, 0, 0, 0, 0, 0, 0, 0, 0, 85, 104, 623
"f:\coding\plexichat\plugins\comprehensive_api_test\plugin.json", "JSON", 0, 26, 0, 0, 0, 0, 0, 0, 0, 0, 0, 0, 0, 0, 1, 27
"f:\coding\plexichat\plugins\dark_theme_pro\plugin.json", "JSON", 0, 188, 0, 0, 0, 0, 0, 0, 0, 0, 0, 0, 0, 0, 0, 188
"f:\coding\plexichat\plugins\data_visualizer\main.py", "Python", 0, 0, 381, 0, 0, 0, 0, 0, 0, 0, 0, 0, 0, 67, 95, 543
"f:\coding\plexichat\plugins\data_visualizer\plugin.json", "JSON", 0, 84, 0, 0, 0, 0, 0, 0, 0, 0, 0, 0, 0, 0, 1, 85
"f:\coding\plexichat\plugins\data_visualizer\requirements.txt", "pip requirements", 0, 0, 0, 0, 0, 16, 0, 0, 0, 0, 0, 0, 0, 0, 1, 17
"f:\coding\plexichat\plugins\dev_tools\main.py", "Python", 0, 0, 624, 0, 0, 0, 0, 0, 0, 0, 0, 0, 0, 72, 132, 828
"f:\coding\plexichat\plugins\dev_tools\plugin.json", "JSON", 0, 101, 0, 0, 0, 0, 0, 0, 0, 0, 0, 0, 0, 0, 1, 102
"f:\coding\plexichat\plugins\dev_tools\requirements.txt", "pip requirements", 0, 0, 0, 0, 0, 11, 0, 0, 0, 0, 0, 0, 0, 0, 1, 12
"f:\coding\plexichat\plugins\echo\main.py", "Python", 0, 0, 296, 0, 0, 0, 0, 0, 0, 0, 0, 0, 0, 35, 60, 391
"f:\coding\plexichat\plugins\echo\plugin.json", "JSON", 0, 73, 0, 0, 0, 0, 0, 0, 0, 0, 0, 0, 0, 0, 0, 73
"f:\coding\plexichat\plugins\echo\requirements.txt", "pip requirements", 0, 0, 0, 0, 0, 11, 0, 0, 0, 0, 0, 0, 0, 0, 1, 12
"f:\coding\plexichat\plugins\file_manager\main.py", "Python", 0, 0, 448, 0, 0, 0, 0, 0, 0, 0, 0, 0, 0, 75, 100, 623
"f:\coding\plexichat\plugins\file_manager\plugin.json", "JSON", 0, 80, 0, 0, 0, 0, 0, 0, 0, 0, 0, 0, 0, 0, 1, 81
"f:\coding\plexichat\plugins\file_manager\requirements.txt", "pip requirements", 0, 0, 0, 0, 0, 15, 0, 0, 0, 0, 0, 0, 0, 0, 1, 16
"f:\coding\plexichat\plugins\file_manager\tests\test_compression.py", "Python", 0, 0, 231, 0, 0, 0, 0, 0, 0, 0, 0, 0, 0, 39, 58, 328
"f:\coding\plexichat\plugins\file_manager\ui\static\file-manager.html", "HTML", 0, 0, 0, 0, 0, 0, 0, 0, 369, 0, 0, 0, 0, 8, 36, 413
"f:\coding\plexichat\plugins\hello_world\main.py", "Python", 0, 0, 214, 0, 0, 0, 0, 0, 0, 0, 0, 0, 0, 26, 38, 278
"f:\coding\plexichat\plugins\hello_world\plugin.json", "JSON", 0, 62, 0, 0, 0, 0, 0, 0, 0, 0, 0, 0, 0, 0, 0, 62
"f:\coding\plexichat\plugins\hello_world\requirements.txt", "pip requirements", 0, 0, 0, 0, 0, 11, 0, 0, 0, 0, 0, 0, 0, 0, 1, 12
"f:\coding\plexichat\plugins\network_scanner\main.py", "Python", 0, 0, 534, 0, 0, 0, 0, 0, 0, 0, 0, 0, 0, 86, 126, 746
"f:\coding\plexichat\plugins\network_scanner\plugin.json", "JSON", 0, 88, 0, 0, 0, 0, 0, 0, 0, 0, 0, 0, 0, 0, 1, 89
"f:\coding\plexichat\plugins\network_scanner\requirements.txt", "pip requirements", 0, 0, 0, 0, 0, 15, 0, 0, 0, 0, 0, 0, 0, 0, 1, 16
"f:\coding\plexichat\plugins\notification_center\plugin.json", "JSON", 0, 175, 0, 0, 0, 0, 0, 0, 0, 0, 0, 0, 0, 0, 0, 175
"f:\coding\plexichat\plugins\performance_monitor\main.py", "Python", 0, 0, 273, 0, 0, 0, 0, 0, 0, 0, 0, 0, 0, 38, 55, 366
"f:\coding\plexichat\plugins\performance_monitor\plugin.json", "JSON", 0, 76, 0, 0, 0, 0, 0, 0, 0, 0, 0, 0, 0, 0, 1, 77
"f:\coding\plexichat\plugins\performance_monitor\requirements.txt", "pip requirements", 0, 0, 0, 0, 0, 11, 0, 0, 0, 0, 0, 0, 0, 0, 1, 12
"f:\coding\plexichat\plugins\quantum_backup\plugin.json", "JSON", 0, 179, 0, 0, 0, 0, 0, 0, 0, 0, 0, 0, 0, 0, 0, 179
"f:\coding\plexichat\plugins\security_toolkit\main.py", "Python", 0, 0, 240, 0, 0, 0, 0, 0, 0, 0, 0, 0, 0, 43, 73, 356
"f:\coding\plexichat\plugins\security_toolkit\plugin.json", "JSON", 0, 78, 0, 0, 0, 0, 0, 0, 0, 0, 0, 0, 0, 0, 1, 79
"f:\coding\plexichat\plugins\security_toolkit\requirements.txt", "pip requirements", 0, 0, 0, 0, 0, 15, 0, 0, 0, 0, 0, 0, 0, 0, 1, 16
"f:\coding\plexichat\plugins\system_manager\plugin.json", "JSON", 0, 142, 0, 0, 0, 0, 0, 0, 0, 0, 0, 0, 0, 0, 1, 143
"f:\coding\plexichat\plugins\system_monitoring\plugin.json", "JSON", 0, 172, 0, 0, 0, 0, 0, 0, 0, 0, 0, 0, 0, 0, 0, 172
"f:\coding\plexichat\plugins\user_manager\plugin.json", "JSON", 0, 138, 0, 0, 0, 0, 0, 0, 0, 0, 0, 0, 0, 0, 1, 139
"f:\coding\plexichat\plugins\webhook_manager\plugin.json", "JSON", 0, 140, 0, 0, 0, 0, 0, 0, 0, 0, 0, 0, 0, 0, 1, 141
"f:\coding\plexichat\plugins\workflow_automation\plugin.json", "JSON", 0, 165, 0, 0, 0, 0, 0, 0, 0, 0, 0, 0, 0, 0, 0, 165
"f:\coding\plexichat\pyrightconfig.json", "JSON", 0, 7, 0, 0, 0, 0, 0, 0, 0, 0, 0, 0, 0, 0, 0, 7
"f:\coding\plexichat\pytest.ini", "Ini", 24, 0, 0, 0, 0, 0, 0, 0, 0, 0, 0, 0, 0, 0, 0, 24
"f:\coding\plexichat\requirements.txt", "pip requirements", 0, 0, 0, 0, 0, 135, 0, 0, 0, 0, 0, 0, 0, 189, 41, 365
"f:\coding\plexichat\ruff.json", "JSON", 0, 10619, 0, 0, 0, 0, 0, 0, 0, 0, 0, 0, 0, 0, 0, 10619
"f:\coding\plexichat\run.py", "Python", 0, 0, 44, 0, 0, 0, 0, 0, 0, 0, 0, 0, 0, 22, 18, 84
"f:\coding\plexichat\scripts\build_compiled.bat", "Batch", 0, 0, 0, 0, 0, 0, 76, 0, 0, 0, 0, 0, 0, 8, 14, 98
"f:\coding\plexichat\scripts\qemu\setup.bat", "Batch", 0, 0, 0, 0, 0, 0, 11, 0, 0, 0, 0, 0, 0, 7, 5, 23
"f:\coding\plexichat\scripts\qemu\setup.sh", "Shell Script", 0, 0, 0, 0, 8, 0, 0, 0, 0, 0, 0, 0, 0, 9, 6, 23
"f:\coding\plexichat\scripts\qemu\vm_configs\arm_vm.json", "JSON", 0, 12, 0, 0, 0, 0, 0, 0, 0, 0, 0, 0, 0, 0, 0, 12
"f:\coding\plexichat\scripts\qemu\vm_configs\x86_vm.json", "JSON", 0, 10, 0, 0, 0, 0, 0, 0, 0, 0, 0, 0, 0, 0, 0, 10
"f:\coding\plexichat\src\plexichat\__init__.py", "Python", 0, 0, 167, 0, 0, 0, 0, 0, 0, 0, 0, 0, 0, 61, 62, 290
"f:\coding\plexichat\src\plexichat\core\__init__.py", "Python", 0, 0, 246, 0, 0, 0, 0, 0, 0, 0, 0, 0, 0, 49, 71, 366
"f:\coding\plexichat\src\plexichat\core\app_setup.py", "Python", 0, 0, 67, 0, 0, 0, 0, 0, 0, 0, 0, 0, 0, 7, 14, 88
"f:\coding\plexichat\src\plexichat\core\auth\__init__.py", "Python", 0, 0, 28, 0, 0, 0, 0, 0, 0, 0, 0, 0, 0, 6, 6, 40
"f:\coding\plexichat\src\plexichat\core\auth\exceptions_auth.py", "Python", 0, 0, 122, 0, 0, 0, 0, 0, 0, 0, 0, 0, 0, 16, 35, 173
"f:\coding\plexichat\src\plexichat\core\auth\fastapi_adapter.py", "Python", 0, 0, 282, 0, 0, 0, 0, 0, 0, 0, 0, 0, 0, 157, 70, 509
"f:\coding\plexichat\src\plexichat\core\auth\models\__init__.py", "Python", 0, 0, 3, 0, 0, 0, 0, 0, 0, 0, 0, 0, 0, 3, 3, 9
"f:\coding\plexichat\src\plexichat\core\auth\models\permission.py", "Python", 0, 0, 7, 0, 0, 0, 0, 0, 0, 0, 0, 0, 0, 4, 5, 16
"f:\coding\plexichat\src\plexichat\core\auth\models\role.py", "Python", 0, 0, 6, 0, 0, 0, 0, 0, 0, 0, 0, 0, 0, 4, 5, 15
"f:\coding\plexichat\src\plexichat\core\auth\permissions.py", "Python", 0, 0, 31, 0, 0, 0, 0, 0, 0, 0, 0, 0, 0, 33, 19, 83
"f:\coding\plexichat\src\plexichat\core\auth\repositories\__init__.py", "Python", 0, 0, 12, 0, 0, 0, 0, 0, 0, 0, 0, 0, 0, 4, 3, 19
"f:\coding\plexichat\src\plexichat\core\auth\repositories\interfaces.py", "Python", 0, 0, 104, 0, 0, 0, 0, 0, 0, 0, 0, 0, 0, 34, 39, 177
"f:\coding\plexichat\src\plexichat\core\auth\services\__init__.py", "Python", 0, 0, 30, 0, 0, 0, 0, 0, 0, 0, 0, 0, 0, 4, 3, 37
"f:\coding\plexichat\src\plexichat\core\auth\services\audit_service.py", "Python", 0, 0, 158, 0, 0, 0, 0, 0, 0, 0, 0, 0, 0, 23, 48, 229
"f:\coding\plexichat\src\plexichat\core\auth\services\authentication.py", "Python", 0, 0, 649, 0, 0, 0, 0, 0, 0, 0, 0, 0, 0, 72, 121, 842
"f:\coding\plexichat\src\plexichat\core\auth\services\authorization_service.py", "Python", 0, 0, 59, 0, 0, 0, 0, 0, 0, 0, 0, 0, 0, 24, 28, 111
"f:\coding\plexichat\src\plexichat\core\auth\services\interfaces.py", "Python", 0, 0, 178, 0, 0, 0, 0, 0, 0, 0, 0, 0, 0, 42, 49, 269
"f:\coding\plexichat\src\plexichat\core\auth\services\mfa_service.py", "Python", 0, 0, 147, 0, 0, 0, 0, 0, 0, 0, 0, 0, 0, 23, 52, 222
"f:\coding\plexichat\src\plexichat\core\auth\services\service_container.py", "Python", 0, 0, 147, 0, 0, 0, 0, 0, 0, 0, 0, 0, 0, 33, 41, 221
"f:\coding\plexichat\src\plexichat\core\auth\services\session_service.py", "Python", 0, 0, 134, 0, 0, 0, 0, 0, 0, 0, 0, 0, 0, 27, 41, 202
"f:\coding\plexichat\src\plexichat\core\auth\services\token_service.py", "Python", 0, 0, 186, 0, 0, 0, 0, 0, 0, 0, 0, 0, 0, 22, 51, 259
"f:\coding\plexichat\src\plexichat\core\auth\services\user_service.py", "Python", 0, 0, 250, 0, 0, 0, 0, 0, 0, 0, 0, 0, 0, 68, 75, 393
"f:\coding\plexichat\src\plexichat\core\cache\__init__.py", "Python", 0, 0, 24, 0, 0, 0, 0, 0, 0, 0, 0, 0, 0, 2, 3, 29
"f:\coding\plexichat\src\plexichat\core\cache\manager.py", "Python", 0, 0, 342, 0, 0, 0, 0, 0, 0, 0, 0, 0, 0, 11, 37, 390
"f:\coding\plexichat\src\plexichat\core\clustering\__init__.py", "Python", 0, 0, 513, 0, 0, 0, 0, 0, 0, 0, 0, 0, 0, 89, 128, 730
"f:\coding\plexichat\src\plexichat\core\clustering\cluster_manager.py", "Python", 0, 0, 676, 0, 0, 0, 0, 0, 0, 0, 0, 0, 0, 153, 203, 1032
"f:\coding\plexichat\src\plexichat\core\clustering\node_manager.py", "Python", 0, 0, 487, 0, 0, 0, 0, 0, 0, 0, 0, 0, 0, 85, 120, 692
"f:\coding\plexichat\src\plexichat\core\config.py", "Python", 0, 0, 60, 0, 0, 0, 0, 0, 0, 0, 0, 0, 0, 6, 9, 75
"f:\coding\plexichat\src\plexichat\core\coordinator.py", "Python", 0, 0, 161, 0, 0, 0, 0, 0, 0, 0, 0, 0, 0, 42, 41, 244
"f:\coding\plexichat\src\plexichat\core\database\__init__.py", "Python", 0, 0, 45, 0, 0, 0, 0, 0, 0, 0, 0, 0, 0, 3, 10, 58
"f:\coding\plexichat\src\plexichat\core\database\manager.py", "Python", 0, 0, 89, 0, 0, 0, 0, 0, 0, 0, 0, 0, 0, 34, 24, 147
"f:\coding\plexichat\src\plexichat\core\database\migrations.py", "Python", 0, 0, 134, 0, 0, 0, 0, 0, 0, 0, 0, 0, 0, 50, 44, 228
"f:\coding\plexichat\src\plexichat\core\database\migrations\add_new_schemas.py", "Python", 0, 0, 220, 0, 0, 0, 0, 0, 0, 0, 0, 0, 0, 16, 30, 266
"f:\coding\plexichat\src\plexichat\core\database\migrations\add_plugin_permissions.py", "Python", 0, 0, 151, 0, 0, 0, 0, 0, 0, 0, 0, 0, 0, 31, 31, 213
"f:\coding\plexichat\src\plexichat\core\database\migrations\add_search_indexes.py", "Python", 0, 0, 71, 0, 0, 0, 0, 0, 0, 0, 0, 0, 0, 6, 20, 97
"f:\coding\plexichat\src\plexichat\core\database\migrations\base.py", "Python", 0, 0, 266, 0, 0, 0, 0, 0, 0, 0, 0, 0, 0, 38, 71, 375
"f:\coding\plexichat\src\plexichat\core\database\migrations_typing_optimization.py", "Python", 0, 0, 31, 0, 0, 0, 0, 0, 0, 0, 0, 0, 0, 105, 11, 147
"f:\coding\plexichat\src\plexichat\core\database\models.py", "Python", 0, 0, 35, 0, 0, 0, 0, 0, 0, 0, 0, 0, 0, 6, 8, 49
"f:\coding\plexichat\src\plexichat\core\database\session.py", "Python", 0, 0, 8, 0, 0, 0, 0, 0, 0, 0, 0, 0, 0, 7, 6, 21
"f:\coding\plexichat\src\plexichat\core\errors\__init__.py", "Python", 0, 0, 437, 0, 0, 0, 0, 0, 0, 0, 0, 0, 0, 85, 64, 586
"f:\coding\plexichat\src\plexichat\core\errors\base.py", "Python", 0, 0, 796, 0, 0, 0, 0, 0, 0, 0, 0, 0, 0, 72, 119, 987
"f:\coding\plexichat\src\plexichat\core\errors\circuit_breaker.py", "Python", 0, 0, 161, 0, 0, 0, 0, 0, 0, 0, 0, 0, 0, 33, 46, 240
"f:\coding\plexichat\src\plexichat\core\errors\error_codes.py", "Python", 0, 0, 276, 0, 0, 0, 0, 0, 0, 0, 0, 0, 0, 33, 29, 338
"f:\coding\plexichat\src\plexichat\core\errors\error_manager.py", "Python", 0, 0, 249, 0, 0, 0, 0, 0, 0, 0, 0, 0, 0, 31, 59, 339
"f:\coding\plexichat\src\plexichat\core\errors\exceptions.py", "Python", 0, 0, 97, 0, 0, 0, 0, 0, 0, 0, 0, 0, 0, 18, 43, 158
"f:\coding\plexichat\src\plexichat\core\errors\handlers.py", "Python", 0, 0, 49, 0, 0, 0, 0, 0, 0, 0, 0, 0, 0, 16, 5, 70
"f:\coding\plexichat\src\plexichat\core\events\__init__.py", "Python", 0, 0, 66, 0, 0, 0, 0, 0, 0, 0, 0, 0, 0, 5, 21, 92
"f:\coding\plexichat\src\plexichat\core\events\event_manager.py", "Python", 0, 0, 395, 0, 0, 0, 0, 0, 0, 0, 0, 0, 0, 78, 107, 580
"f:\coding\plexichat\src\plexichat\core\exceptions.py", "Python", 0, 0, 422, 0, 0, 0, 0, 0, 0, 0, 0, 0, 0, 189, 74, 685
"f:\coding\plexichat\src\plexichat\core\files\__init__.py", "Python", 0, 0, 47, 0, 0, 0, 0, 0, 0, 0, 0, 0, 0, 4, 16, 67
"f:\coding\plexichat\src\plexichat\core\files\enhanced_file_sharing.py", "Python", 0, 0, 312, 0, 0, 0, 0, 0, 0, 0, 0, 0, 0, 53, 73, 438
"f:\coding\plexichat\src\plexichat\core\files\file_manager.py", "Python", 0, 0, 747, 0, 0, 0, 0, 0, 0, 0, 0, 0, 0, 100, 148, 995
"f:\coding\plexichat\src\plexichat\core\logging.py", "Python", 0, 0, 62, 0, 0, 0, 0, 0, 0, 0, 0, 0, 0, 5, 14, 81
"f:\coding\plexichat\src\plexichat\core\messaging\__init__.py", "Python", 0, 0, 76, 0, 0, 0, 0, 0, 0, 0, 0, 0, 0, 24, 24, 124
"f:\coding\plexichat\src\plexichat\core\messaging\base.py", "Python", 0, 0, 38, 0, 0, 0, 0, 0, 0, 0, 0, 0, 0, 14, 17, 69
"f:\coding\plexichat\src\plexichat\core\messaging\message_formatter.py", "Python", 0, 0, 180, 0, 0, 0, 0, 0, 0, 0, 0, 0, 0, 69, 46, 295
"f:\coding\plexichat\src\plexichat\core\messaging\message_processor.py", "Python", 0, 0, 193, 0, 0, 0, 0, 0, 0, 0, 0, 0, 0, 31, 46, 270
"f:\coding\plexichat\src\plexichat\core\messaging\system.py", "Python", 0, 0, 706, 0, 0, 0, 0, 0, 0, 0, 0, 0, 0, 151, 172, 1029
"f:\coding\plexichat\src\plexichat\core\mfa_store.py", "Python", 0, 0, 94, 0, 0, 0, 0, 0, 0, 0, 0, 0, 0, 25, 24, 143
"f:\coding\plexichat\src\plexichat\core\middleware\__init__.py", "Python", 0, 0, 39, 0, 0, 0, 0, 0, 0, 0, 0, 0, 0, 2, 8, 49
"f:\coding\plexichat\src\plexichat\core\middleware\integrated_protection_system.py", "Python", 0, 0, 319, 0, 0, 0, 0, 0, 0, 0, 0, 0, 0, 62, 83, 464
"f:\coding\plexichat\src\plexichat\core\middleware\ip_blacklist_middleware.py", "Python", 0, 0, 432, 0, 0, 0, 0, 0, 0, 0, 0, 0, 0, 69, 101, 602
"f:\coding\plexichat\src\plexichat\core\middleware\middleware_manager.py", "Python", 0, 0, 347, 0, 0, 0, 0, 0, 0, 0, 0, 0, 0, 70, 112, 529
"f:\coding\plexichat\src\plexichat\core\middleware\rate_limiting.py", "Python", 0, 0, 139, 0, 0, 0, 0, 0, 0, 0, 0, 0, 0, 32, 50, 221
"f:\coding\plexichat\src\plexichat\core\middleware\rate_limiting\__init__.py", "Python", 0, 0, 18, 0, 0, 0, 0, 0, 0, 0, 0, 0, 0, 12, 3, 33
"f:\coding\plexichat\src\plexichat\core\middleware\rate_limiting\engine.py", "Python", 0, 0, 589, 0, 0, 0, 0, 0, 0, 0, 0, 0, 0, 58, 58, 705
"f:\coding\plexichat\src\plexichat\core\monitoring\__init__.py", "Python", 0, 0, 64, 0, 0, 0, 0, 0, 0, 0, 0, 0, 0, 13, 20, 97
"f:\coding\plexichat\src\plexichat\core\monitoring\base_monitor.py", "Python", 0, 0, 217, 0, 0, 0, 0, 0, 0, 0, 0, 0, 0, 33, 55, 305
"f:\coding\plexichat\src\plexichat\core\monitoring\metrics_collector.py", "Python", 0, 0, 236, 0, 0, 0, 0, 0, 0, 0, 0, 0, 0, 35, 52, 323
"f:\coding\plexichat\src\plexichat\core\monitoring\monitoring_system.py", "Python", 0, 0, 200, 0, 0, 0, 0, 0, 0, 0, 0, 0, 0, 33, 54, 287
"f:\coding\plexichat\src\plexichat\core\monitoring\resource_tracker.py", "Python", 0, 0, 357, 0, 0, 0, 0, 0, 0, 0, 0, 0, 0, 50, 98, 505
"f:\coding\plexichat\src\plexichat\core\notifications\__init__.py", "Python", 0, 0, 64, 0, 0, 0, 0, 0, 0, 0, 0, 0, 0, 4, 18, 86
"f:\coding\plexichat\src\plexichat\core\notifications\base_sender.py", "Python", 0, 0, 50, 0, 0, 0, 0, 0, 0, 0, 0, 0, 0, 7, 10, 67
"f:\coding\plexichat\src\plexichat\core\notifications\email_service.py", "Python", 0, 0, 287, 0, 0, 0, 0, 0, 0, 0, 0, 0, 0, 65, 48, 400
"f:\coding\plexichat\src\plexichat\core\notifications\notification_manager.py", "Python", 0, 0, 470, 0, 0, 0, 0, 0, 0, 0, 0, 0, 0, 69, 108, 647
"f:\coding\plexichat\src\plexichat\core\notifications\push_service.py", "Python", 0, 0, 336, 0, 0, 0, 0, 0, 0, 0, 0, 0, 0, 51, 74, 461
"f:\coding\plexichat\src\plexichat\core\performance\__init__.py", "Python", 0, 0, 14, 0, 0, 0, 0, 0, 0, 0, 0, 0, 0, 10, 5, 29
"f:\coding\plexichat\src\plexichat\core\performance\auth_cache.py", "Python", 0, 0, 470, 0, 0, 0, 0, 0, 0, 0, 0, 0, 0, 77, 129, 676
"f:\coding\plexichat\src\plexichat\core\performance\cache_cluster_manager.py", "Python", 0, 0, 277, 0, 0, 0, 0, 0, 0, 0, 0, 0, 0, 44, 76, 397
"f:\coding\plexichat\src\plexichat\core\performance\distributed_cache.py", "Python", 0, 0, 359, 0, 0, 0, 0, 0, 0, 0, 0, 0, 0, 93, 113, 565
"f:\coding\plexichat\src\plexichat\core\performance\edge_computing_manager.py", "Python", 0, 0, 540, 0, 0, 0, 0, 0, 0, 0, 0, 0, 0, 98, 139, 777
"f:\coding\plexichat\src\plexichat\core\performance\latency_optimizer.py", "Python", 0, 0, 252, 0, 0, 0, 0, 0, 0, 0, 0, 0, 0, 69, 80, 401
"f:\coding\plexichat\src\plexichat\core\performance\memory_manager.py", "Python", 0, 0, 356, 0, 0, 0, 0, 0, 0, 0, 0, 0, 0, 65, 95, 516
"f:\coding\plexichat\src\plexichat\core\performance\message_queue.py", "Python", 0, 0, 805, 0, 0, 0, 0, 0, 0, 0, 0, 0, 0, 127, 181, 1113
"f:\coding\plexichat\src\plexichat\core\performance\microsecond_optimizer.py", "Python", 0, 0, 595, 0, 0, 0, 0, 0, 0, 0, 0, 0, 0, 132, 151, 878
"f:\coding\plexichat\src\plexichat\core\performance\multi_tier_cache.py", "Python", 0, 0, 521, 0, 0, 0, 0, 0, 0, 0, 0, 0, 0, 136, 143, 800
"f:\coding\plexichat\src\plexichat\core\performance\network_optimizer.py", "Python", 0, 0, 342, 0, 0, 0, 0, 0, 0, 0, 0, 0, 0, 59, 85, 486
"f:\coding\plexichat\src\plexichat\core\performance\optimization_engine.py", "Python", 0, 0, 269, 0, 0, 0, 0, 0, 0, 0, 0, 0, 0, 47, 63, 379
"f:\coding\plexichat\src\plexichat\core\performance\resource_manager.py", "Python", 0, 0, 369, 0, 0, 0, 0, 0, 0, 0, 0, 0, 0, 49, 101, 519
"f:\coding\plexichat\src\plexichat\core\performance\scalability_manager.py", "Python", 0, 0, 750, 0, 0, 0, 0, 0, 0, 0, 0, 0, 0, 136, 189, 1075
"f:\coding\plexichat\src\plexichat\core\plugins\__init__.py", "Python", 0, 0, 150, 0, 0, 0, 0, 0, 0, 0, 0, 0, 0, 39, 49, 238
"f:\coding\plexichat\src\plexichat\core\plugins\installed\ai_providers\main.py", "Python", 0, 0, 278, 0, 0, 0, 0, 0, 0, 0, 0, 0, 0, 67, 101, 446
"f:\coding\plexichat\src\plexichat\core\plugins\installed\ai_providers\plugin.json", "JSON", 0, 134, 0, 0, 0, 0, 0, 0, 0, 0, 0, 0, 0, 0, 1, 135
"f:\coding\plexichat\src\plexichat\core\plugins\installed\echo_plugin\main.py", "Python", 0, 0, 25, 0, 0, 0, 0, 0, 0, 0, 0, 0, 0, 11, 12, 48
"f:\coding\plexichat\src\plexichat\core\plugins\installed\echo_plugin\plugin.json", "JSON", 0, 11, 0, 0, 0, 0, 0, 0, 0, 0, 0, 0, 0, 0, 0, 11
"f:\coding\plexichat\src\plexichat\core\plugins\installed\hello_world_plugin\main.py", "Python", 0, 0, 23, 0, 0, 0, 0, 0, 0, 0, 0, 0, 0, 17, 12, 52
"f:\coding\plexichat\src\plexichat\core\plugins\installed\hello_world_plugin\plugin.json", "JSON", 0, 11, 0, 0, 0, 0, 0, 0, 0, 0, 0, 0, 0, 0, 0, 11
"f:\coding\plexichat\src\plexichat\core\plugins\installed\random_quote_plugin\main.py", "Python", 0, 0, 31, 0, 0, 0, 0, 0, 0, 0, 0, 0, 0, 17, 13, 61
"f:\coding\plexichat\src\plexichat\core\plugins\installed\testing_plugin\main.py", "Python", 0, 0, 2799, 0, 0, 0, 0, 0, 0, 0, 0, 0, 0, 142, 155, 3096
"f:\coding\plexichat\src\plexichat\core\plugins\installed\testing_plugin\plugin.json", "JSON", 0, 155, 0, 0, 0, 0, 0, 0, 0, 0, 0, 0, 0, 0, 1, 156
"f:\coding\plexichat\src\plexichat\core\plugins\manager.py", "Python", 0, 0, 1993, 0, 0, 0, 0, 0, 0, 0, 0, 0, 0, 276, 113, 2382
"f:\coding\plexichat\src\plexichat\core\plugins\manifest_validator.py", "Python", 0, 0, 20, 0, 0, 0, 0, 0, 0, 0, 0, 0, 0, 12, 7, 39
"f:\coding\plexichat\src\plexichat\core\plugins\sandbox.py", "Python", 0, 0, 33, 0, 0, 0, 0, 0, 0, 0, 0, 0, 0, 2, 9, 44
"f:\coding\plexichat\src\plexichat\core\plugins\sdk_generator.py", "Python", 0, 0, 821, 0, 0, 0, 0, 0, 0, 0, 0, 0, 0, 334, 79, 1234
"f:\coding\plexichat\src\plexichat\core\plugins\security_manager.py", "Python", 0, 0, 1859, 0, 0, 0, 0, 0, 0, 0, 0, 0, 0, 246, 318, 2423
"f:\coding\plexichat\src\plexichat\core\rate_limit_config.py", "Python", 0, 0, 228, 0, 0, 0, 0, 0, 0, 0, 0, 0, 0, 40, 42, 310
"f:\coding\plexichat\src\plexichat\core\scheduler\__init__.py", "Python", 0, 0, 60, 0, 0, 0, 0, 0, 0, 0, 0, 0, 0, 2, 20, 82
"f:\coding\plexichat\src\plexichat\core\scheduler\task_scheduler.py", "Python", 0, 0, 553, 0, 0, 0, 0, 0, 0, 0, 0, 0, 0, 65, 131, 749
"f:\coding\plexichat\src\plexichat\core\search_service.py", "Python", 0, 0, 384, 0, 0, 0, 0, 0, 0, 0, 0, 0, 0, 236, 19, 639
"f:\coding\plexichat\src\plexichat\core\security\__init__.py", "Python", 0, 0, 132, 0, 0, 0, 0, 0, 0, 0, 0, 0, 0, 85, 39, 256
"f:\coding\plexichat\src\plexichat\core\security\audit.py", "Python", 0, 0, 629, 0, 0, 0, 0, 0, 0, 0, 0, 0, 0, 127, 162, 918
"f:\coding\plexichat\src\plexichat\core\security\auth_integration.py", "Python", 0, 0, 308, 0, 0, 0, 0, 0, 0, 0, 0, 0, 0, 70, 82, 460
"f:\coding\plexichat\src\plexichat\core\security\content_validation.py", "Python", 0, 0, 456, 0, 0, 0, 0, 0, 0, 0, 0, 0, 0, 102, 69, 627
"f:\coding\plexichat\src\plexichat\core\security\db_security.py", "Python", 0, 0, 297, 0, 0, 0, 0, 0, 0, 0, 0, 0, 0, 80, 87, 464
"f:\coding\plexichat\src\plexichat\core\security\ddos_protection.py", "Python", 0, 0, 609, 0, 0, 0, 0, 0, 0, 0, 0, 0, 0, 101, 149, 859
"f:\coding\plexichat\src\plexichat\core\security\hsm_manager.py", "Python", 0, 0, 634, 0, 0, 0, 0, 0, 0, 0, 0, 0, 0, 91, 132, 857
"f:\coding\plexichat\src\plexichat\core\security\key_vault.py", "Python", 0, 0, 56, 0, 0, 0, 0, 0, 0, 0, 0, 0, 0, 8, 17, 81
"f:\coding\plexichat\src\plexichat\core\security\monitoring.py", "Python", 0, 0, 377, 0, 0, 0, 0, 0, 0, 0, 0, 0, 0, 85, 102, 564
"f:\coding\plexichat\src\plexichat\core\security\oram.py", "Python", 0, 0, 91, 0, 0, 0, 0, 0, 0, 0, 0, 0, 0, 27, 33, 151
"f:\coding\plexichat\src\plexichat\core\security\plugin_hooks.py", "Python", 0, 0, 340, 0, 0, 0, 0, 0, 0, 0, 0, 0, 0, 105, 96, 541
"f:\coding\plexichat\src\plexichat\core\security\pqc_extensions.py", "Python", 0, 0, 0, 0, 0, 0, 0, 0, 0, 0, 0, 0, 0, 0, 1, 1
"f:\coding\plexichat\src\plexichat\core\security\quantum_encryption.py", "Python", 0, 0, 758, 0, 0, 0, 0, 0, 0, 0, 0, 0, 0, 110, 199, 1067
"f:\coding\plexichat\src\plexichat\core\security\security_context.py", "Python", 0, 0, 24, 0, 0, 0, 0, 0, 0, 0, 0, 0, 0, 6, 10, 40
"f:\coding\plexichat\src\plexichat\core\security\security_decorators.py", "Python", 0, 0, 538, 0, 0, 0, 0, 0, 0, 0, 0, 0, 0, 84, 140, 762
"f:\coding\plexichat\src\plexichat\core\security\security_manager.py", "Python", 0, 0, 422, 0, 0, 0, 0, 0, 0, 0, 0, 0, 0, 88, 80, 590
"f:\coding\plexichat\src\plexichat\core\security\validation_rules.py", "Python", 0, 0, 60, 0, 0, 0, 0, 0, 0, 0, 0, 0, 0, 0, 6, 66
"f:\coding\plexichat\src\plexichat\core\security\waf_middleware.py", "Python", 0, 0, 473, 0, 0, 0, 0, 0, 0, 0, 0, 0, 0, 141, 106, 720
"f:\coding\plexichat\src\plexichat\core\security\zero_trust.py", "Python", 0, 0, 385, 0, 0, 0, 0, 0, 0, 0, 0, 0, 0, 70, 98, 553
"f:\coding\plexichat\src\plexichat\core\services\__init__.py", "Python", 0, 0, 46, 0, 0, 0, 0, 0, 0, 0, 0, 0, 0, 8, 24, 78
"f:\coding\plexichat\src\plexichat\core\services\chat_export_service.py", "Python", 0, 0, 221, 0, 0, 0, 0, 0, 0, 0, 0, 0, 0, 45, 55, 321
"f:\coding\plexichat\src\plexichat\core\services\core_services.py", "Python", 0, 0, 219, 0, 0, 0, 0, 0, 0, 0, 0, 0, 0, 44, 75, 338
"f:\coding\plexichat\src\plexichat\core\services\keyboard_shortcuts_service.py", "Python", 0, 0, 344, 0, 0, 0, 0, 0, 0, 0, 0, 0, 0, 61, 53, 458
"f:\coding\plexichat\src\plexichat\core\services\message_service.py", "Python", 0, 0, 61, 0, 0, 0, 0, 0, 0, 0, 0, 0, 0, 15, 19, 95
"f:\coding\plexichat\src\plexichat\core\services\message_threads_service.py", "Python", 0, 0, 328, 0, 0, 0, 0, 0, 0, 0, 0, 0, 0, 117, 92, 537
"f:\coding\plexichat\src\plexichat\core\services\optimized_websocket_service.py", "Python", 0, 0, 216, 0, 0, 0, 0, 0, 0, 0, 0, 0, 0, 41, 61, 318
"f:\coding\plexichat\src\plexichat\core\services\typing_cache_service.py", "Python", 0, 0, 146, 0, 0, 0, 0, 0, 0, 0, 0, 0, 0, 37, 41, 224
"f:\coding\plexichat\src\plexichat\core\services\typing_cleanup_service.py", "Python", 0, 0, 133, 0, 0, 0, 0, 0, 0, 0, 0, 0, 0, 34, 51, 218
"f:\coding\plexichat\src\plexichat\core\services\typing_service.py", "Python", 0, 0, 295, 0, 0, 0, 0, 0, 0, 0, 0, 0, 0, 50, 82, 427
"f:\coding\plexichat\src\plexichat\core\services\user_status_service.py", "Python", 0, 0, 151, 0, 0, 0, 0, 0, 0, 0, 0, 0, 0, 26, 48, 225
"f:\coding\plexichat\src\plexichat\core\testing\comprehensive_endpoint_tester.py", "Python", 0, 0, 752, 0, 0, 0, 0, 0, 0, 0, 0, 0, 0, 108, 178, 1038
"f:\coding\plexichat\src\plexichat\core\threading\__init__.py", "Python", 0, 0, 40, 0, 0, 0, 0, 0, 0, 0, 0, 0, 0, 1, 8, 49
"f:\coding\plexichat\src\plexichat\core\threading\thread_manager.py", "Python", 0, 0, 211, 0, 0, 0, 0, 0, 0, 0, 0, 0, 0, 35, 62, 308
"f:\coding\plexichat\src\plexichat\core\updates\__init__.py", "Python", 0, 0, 3, 0, 0, 0, 0, 0, 0, 0, 0, 0, 0, 5, 3, 11
"f:\coding\plexichat\src\plexichat\core\user.py", "Python", 0, 0, 9, 0, 0, 0, 0, 0, 0, 0, 0, 0, 0, 0, 4, 13
"f:\coding\plexichat\src\plexichat\core\utils.py", "Python", 0, 0, 472, 0, 0, 0, 0, 0, 0, 0, 0, 0, 0, 98, 76, 646
"f:\coding\plexichat\src\plexichat\core\validation.py", "Python", 0, 0, 164, 0, 0, 0, 0, 0, 0, 0, 0, 0, 0, 31, 57, 252
"f:\coding\plexichat\src\plexichat\core\versioning\__init__.py", "Python", 0, 0, 2, 0, 0, 0, 0, 0, 0, 0, 0, 0, 0, 0, 2, 4
"f:\coding\plexichat\src\plexichat\core\versioning\api_version_manager.py", "Python", 0, 0, 182, 0, 0, 0, 0, 0, 0, 0, 0, 0, 0, 57, 52, 291
"f:\coding\plexichat\src\plexichat\core\versioning\canary_health_monitor.py", "Python", 0, 0, 353, 0, 0, 0, 0, 0, 0, 0, 0, 0, 0, 71, 101, 525
"f:\coding\plexichat\src\plexichat\core\versioning\canary_node_selector.py", "Python", 0, 0, 240, 0, 0, 0, 0, 0, 0, 0, 0, 0, 0, 56, 70, 366
"f:\coding\plexichat\src\plexichat\core\versioning\changelog_manager.py", "Python", 0, 0, 355, 0, 0, 0, 0, 0, 0, 0, 0, 0, 0, 58, 63, 476
"f:\coding\plexichat\src\plexichat\core\versioning\simple_update_system.py", "Python", 0, 0, 169, 0, 0, 0, 0, 0, 0, 0, 0, 0, 0, 44, 64, 277
"f:\coding\plexichat\src\plexichat\core\websocket\__init__.py", "Python", 0, 0, 38, 0, 0, 0, 0, 0, 0, 0, 0, 0, 0, 5, 13, 56
"f:\coding\plexichat\src\plexichat\core\websocket\websocket_manager.py", "Python", 0, 0, 479, 0, 0, 0, 0, 0, 0, 0, 0, 0, 0, 91, 166, 736
"f:\coding\plexichat\src\plexichat\features\__init__.py", "Python", 0, 0, 69, 0, 0, 0, 0, 0, 0, 0, 0, 0, 0, 27, 29, 125
"f:\coding\plexichat\src\plexichat\features\ai\__init__.py", "Python", 0, 0, 69, 0, 0, 0, 0, 0, 0, 0, 0, 0, 0, 20, 11, 100
"f:\coding\plexichat\src\plexichat\features\ai\ai_coordinator.py", "Python", 0, 0, 182, 0, 0, 0, 0, 0, 0, 0, 0, 0, 0, 40, 37, 259
"f:\coding\plexichat\src\plexichat\features\ai\api\__init__.py", "Python", 0, 0, 3, 0, 0, 0, 0, 0, 0, 0, 0, 0, 0, 10, 4, 17
"f:\coding\plexichat\src\plexichat\features\ai\api\ai_endpoints.py", "Python", 0, 0, 142, 0, 0, 0, 0, 0, 0, 0, 0, 0, 0, 21, 26, 189
"f:\coding\plexichat\src\plexichat\features\ai\api\moderation_endpoints.py", "Python", 0, 0, 102, 0, 0, 0, 0, 0, 0, 0, 0, 0, 0, 21, 26, 149
"f:\coding\plexichat\src\plexichat\features\ai\cli\__init__.py", "Python", 0, 0, 3, 0, 0, 0, 0, 0, 0, 0, 0, 0, 0, 10, 4, 17
"f:\coding\plexichat\src\plexichat\features\ai\cli\ai_cli.py", "Python", 0, 0, 75, 0, 0, 0, 0, 0, 0, 0, 0, 0, 0, 18, 18, 111
"f:\coding\plexichat\src\plexichat\features\ai\core\__init__.py", "Python", 0, 0, 21, 0, 0, 0, 0, 0, 0, 0, 0, 0, 0, 7, 3, 31
"f:\coding\plexichat\src\plexichat\features\ai\core\ai_abstraction_layer.py", "Python", 0, 0, 229, 0, 0, 0, 0, 0, 0, 0, 0, 0, 0, 46, 49, 324
"f:\coding\plexichat\src\plexichat\features\ai\features\__init__.py", "Python", 0, 0, 34, 0, 0, 0, 0, 0, 0, 0, 0, 0, 0, 11, 8, 53
"f:\coding\plexichat\src\plexichat\features\ai\features\ai_powered_features_service.py", "Python", 0, 0, 251, 0, 0, 0, 0, 0, 0, 0, 0, 0, 0, 39, 71, 361
"f:\coding\plexichat\src\plexichat\features\ai\moderation\__init__.py", "Python", 0, 0, 35, 0, 0, 0, 0, 0, 0, 0, 0, 0, 0, 10, 15, 60
"f:\coding\plexichat\src\plexichat\features\ai\moderation\feedback_collector.py", "Python", 0, 0, 189, 0, 0, 0, 0, 0, 0, 0, 0, 0, 0, 30, 42, 261
"f:\coding\plexichat\src\plexichat\features\ai\moderation\feedback_data_service.py", "Python", 0, 0, 39, 0, 0, 0, 0, 0, 0, 0, 0, 0, 0, 4, 12, 55
"f:\coding\plexichat\src\plexichat\features\ai\moderation\moderation_data_service.py", "Python", 0, 0, 32, 0, 0, 0, 0, 0, 0, 0, 0, 0, 0, 2, 10, 44
"f:\coding\plexichat\src\plexichat\features\ai\moderation\moderation_engine.py", "Python", 0, 0, 268, 0, 0, 0, 0, 0, 0, 0, 0, 0, 0, 35, 57, 360
"f:\coding\plexichat\src\plexichat\features\ai\moderation\training_data_service.py", "Python", 0, 0, 27, 0, 0, 0, 0, 0, 0, 0, 0, 0, 0, 1, 9, 37
"f:\coding\plexichat\src\plexichat\features\ai\monitoring\analytics_data_service.py", "Python", 0, 0, 38, 0, 0, 0, 0, 0, 0, 0, 0, 0, 0, 4, 12, 54
"f:\coding\plexichat\src\plexichat\features\ai\providers\__init__.py", "Python", 0, 0, 23, 0, 0, 0, 0, 0, 0, 0, 0, 0, 0, 10, 4, 37
"f:\coding\plexichat\src\plexichat\features\ai\providers\anthropic_provider.py", "Python", 0, 0, 168, 0, 0, 0, 0, 0, 0, 0, 0, 0, 0, 20, 28, 216
"f:\coding\plexichat\src\plexichat\features\ai\providers\base_provider.py", "Python", 0, 0, 108, 0, 0, 0, 0, 0, 0, 0, 0, 0, 0, 25, 31, 164
"f:\coding\plexichat\src\plexichat\features\ai\providers\ollama_provider.py", "Python", 0, 0, 152, 0, 0, 0, 0, 0, 0, 0, 0, 0, 0, 20, 30, 202
"f:\coding\plexichat\src\plexichat\features\ai\providers\openai_provider.py", "Python", 0, 0, 168, 0, 0, 0, 0, 0, 0, 0, 0, 0, 0, 20, 29, 217
"f:\coding\plexichat\src\plexichat\features\ai\webui\__init__.py", "Python", 0, 0, 3, 0, 0, 0, 0, 0, 0, 0, 0, 0, 0, 10, 4, 17
"f:\coding\plexichat\src\plexichat\features\ai\webui\ai_management.py", "Python", 0, 0, 292, 0, 0, 0, 0, 0, 0, 0, 0, 0, 0, 35, 78, 405
"f:\coding\plexichat\src\plexichat\features\ai\webui\templates\ai_dashboard.html", "HTML", 0, 0, 0, 0, 0, 0, 0, 0, 243, 0, 0, 0, 0, 0, 10, 253
"f:\coding\plexichat\src\plexichat\features\ai\webui\templates\monitoring_dashboard.html", "HTML", 0, 0, 0, 0, 0, 0, 0, 0, 412, 0, 0, 0, 0, 0, 59, 471
"f:\coding\plexichat\src\plexichat\features\backup\__init__.py", "Python", 0, 0, 14, 0, 0, 0, 0, 0, 0, 0, 0, 0, 0, 6, 3, 23
"f:\coding\plexichat\src\plexichat\features\backup\backup_engine.py", "Python", 0, 0, 752, 0, 0, 0, 0, 0, 0, 0, 0, 0, 0, 155, 152, 1059
"f:\coding\plexichat\src\plexichat\features\backup\backup_manager.py", "Python", 0, 0, 1662, 0, 0, 0, 0, 0, 0, 0, 0, 0, 0, 217, 256, 2135
"f:\coding\plexichat\src\plexichat\features\backup\backup_repository.py", "Python", 0, 0, 342, 0, 0, 0, 0, 0, 0, 0, 0, 0, 0, 38, 53, 433
"f:\coding\plexichat\src\plexichat\features\backup\encryption_service.py", "Python", 0, 0, 421, 0, 0, 0, 0, 0, 0, 0, 0, 0, 0, 144, 96, 661
"f:\coding\plexichat\src\plexichat\features\backup\recovery_service.py", "Python", 0, 0, 188, 0, 0, 0, 0, 0, 0, 0, 0, 0, 0, 96, 53, 337
"f:\coding\plexichat\src\plexichat\features\backup\storage_manager.py", "Python", 0, 0, 940, 0, 0, 0, 0, 0, 0, 0, 0, 0, 0, 104, 167, 1211
"f:\coding\plexichat\src\plexichat\features\backup\version_manager.py", "Python", 0, 0, 372, 0, 0, 0, 0, 0, 0, 0, 0, 0, 0, 93, 96, 561
"f:\coding\plexichat\src\plexichat\infrastructure\__init__.py", "Python", 0, 0, 137, 0, 0, 0, 0, 0, 0, 0, 0, 0, 0, 61, 41, 239
"f:\coding\plexichat\src\plexichat\infrastructure\analytics\analytics_service.py", "Python", 0, 0, 218, 0, 0, 0, 0, 0, 0, 0, 0, 0, 0, 34, 56, 308
"f:\coding\plexichat\src\plexichat\infrastructure\analytics\engine.py", "Python", 0, 0, 224, 0, 0, 0, 0, 0, 0, 0, 0, 0, 0, 37, 64, 325
"f:\coding\plexichat\src\plexichat\infrastructure\containerization\orchestrator.py", "Python", 0, 0, 368, 0, 0, 0, 0, 0, 0, 0, 0, 0, 0, 39, 66, 473
"f:\coding\plexichat\src\plexichat\infrastructure\debugging\comprehensive_debug_manager.py", "Python", 0, 0, 326, 0, 0, 0, 0, 0, 0, 0, 0, 0, 0, 40, 83, 449
"f:\coding\plexichat\src\plexichat\infrastructure\debugging\debug_manager.py", "Python", 0, 0, 436, 0, 0, 0, 0, 0, 0, 0, 0, 0, 0, 64, 118, 618
"f:\coding\plexichat\src\plexichat\infrastructure\debugging\plugin_debug_integration.py", "Python", 0, 0, 428, 0, 0, 0, 0, 0, 0, 0, 0, 0, 0, 41, 121, 590
"f:\coding\plexichat\src\plexichat\infrastructure\deployment\deployment_manager.py", "Python", 0, 0, 379, 0, 0, 0, 0, 0, 0, 0, 0, 0, 0, 38, 75, 492
"f:\coding\plexichat\src\plexichat\infrastructure\events\bus.py", "Python", 0, 0, 284, 0, 0, 0, 0, 0, 0, 0, 0, 0, 0, 110, 89, 483
"f:\coding\plexichat\src\plexichat\infrastructure\installer\README.md", "Markdown", 0, 0, 0, 0, 0, 0, 0, 0, 0, 0, 0, 105, 0, 0, 36, 141
"f:\coding\plexichat\src\plexichat\infrastructure\installer\install.ps1", "PowerShell", 0, 0, 0, 0, 0, 0, 0, 0, 0, 0, 0, 0, 140, 17, 29, 186
"f:\coding\plexichat\src\plexichat\infrastructure\installer\install.sh", "Shell Script", 0, 0, 0, 0, 60, 0, 0, 0, 0, 0, 0, 0, 0, 15, 24, 99
"f:\coding\plexichat\src\plexichat\infrastructure\messaging\async_task_queue.py", "Python", 0, 0, 266, 0, 0, 0, 0, 0, 0, 0, 0, 0, 0, 49, 78, 393
"f:\coding\plexichat\src\plexichat\infrastructure\microservices\decomposition.py", "Python", 0, 0, 356, 0, 0, 0, 0, 0, 0, 0, 0, 0, 0, 64, 93, 513
"f:\coding\plexichat\src\plexichat\infrastructure\microservices\service_registry.py", "Python", 0, 0, 293, 0, 0, 0, 0, 0, 0, 0, 0, 0, 0, 70, 82, 445
"f:\coding\plexichat\src\plexichat\infrastructure\modules\__init__.py", "Python", 0, 0, 306, 0, 0, 0, 0, 0, 0, 0, 0, 0, 0, 73, 91, 470
"f:\coding\plexichat\src\plexichat\infrastructure\modules\base_module.py", "Python", 0, 0, 26, 0, 0, 0, 0, 0, 0, 0, 0, 0, 0, 22, 3, 51
"f:\coding\plexichat\src\plexichat\infrastructure\modules\interfaces.py", "Python", 0, 0, 352, 0, 0, 0, 0, 0, 0, 0, 0, 0, 0, 101, 103, 556
"f:\coding\plexichat\src\plexichat\infrastructure\scalability\coordinator.py", "Python", 0, 0, 260, 0, 0, 0, 0, 0, 0, 0, 0, 0, 0, 75, 70, 405
"f:\coding\plexichat\src\plexichat\infrastructure\services\__init__.py", "Python", 0, 0, 260, 0, 0, 0, 0, 0, 0, 0, 0, 0, 0, 92, 78, 430
"f:\coding\plexichat\src\plexichat\infrastructure\services\advanced_ddos_service.py", "Python", 0, 0, 387, 0, 0, 0, 0, 0, 0, 0, 0, 0, 0, 94, 102, 583
"f:\coding\plexichat\src\plexichat\infrastructure\services\advanced_messaging_service.py", "Python", 0, 0, 392, 0, 0, 0, 0, 0, 0, 0, 0, 0, 0, 61, 95, 548
"f:\coding\plexichat\src\plexichat\infrastructure\services\advanced_recovery_system.py", "Python", 0, 0, 468, 0, 0, 0, 0, 0, 0, 0, 0, 0, 0, 59, 101, 628
"f:\coding\plexichat\src\plexichat\infrastructure\services\background_tasks.py", "Python", 0, 0, 322, 0, 0, 0, 0, 0, 0, 0, 0, 0, 0, 49, 96, 467
"f:\coding\plexichat\src\plexichat\infrastructure\services\backup_status_monitor.py", "Python", 0, 0, 427, 0, 0, 0, 0, 0, 0, 0, 0, 0, 0, 56, 93, 576
"f:\coding\plexichat\src\plexichat\infrastructure\services\base_service.py", "Python", 0, 0, 254, 0, 0, 0, 0, 0, 0, 0, 0, 0, 0, 77, 78, 409
"f:\coding\plexichat\src\plexichat\infrastructure\services\calling_service.py", "Python", 0, 0, 1397, 0, 0, 0, 0, 0, 0, 0, 0, 0, 0, 288, 221, 1906
"f:\coding\plexichat\src\plexichat\infrastructure\services\client_settings_service.py", "Python", 0, 0, 1479, 0, 0, 0, 0, 0, 0, 0, 0, 0, 0, 139, 257, 1875
"f:\coding\plexichat\src\plexichat\infrastructure\services\collaboration_service.py", "Python", 0, 0, 587, 0, 0, 0, 0, 0, 0, 0, 0, 0, 0, 98, 120, 805
"f:\coding\plexichat\src\plexichat\infrastructure\services\communication_service.py", "Python", 0, 0, 1087, 0, 0, 0, 0, 0, 0, 0, 0, 0, 0, 103, 203, 1393
"f:\coding\plexichat\src\plexichat\infrastructure\services\etl_pipeline_service.py", "Python", 0, 0, 431, 0, 0, 0, 0, 0, 0, 0, 0, 0, 0, 89, 131, 651
"f:\coding\plexichat\src\plexichat\infrastructure\services\file_permissions.py", "Python", 0, 0, 372, 0, 0, 0, 0, 0, 0, 0, 0, 0, 0, 38, 53, 463
"f:\coding\plexichat\src\plexichat\infrastructure\services\health.py", "Python", 0, 0, 301, 0, 0, 0, 0, 0, 0, 0, 0, 0, 0, 46, 73, 420
"f:\coding\plexichat\src\plexichat\infrastructure\services\intelligent_shard_distribution.py", "Python", 0, 0, 354, 0, 0, 0, 0, 0, 0, 0, 0, 0, 0, 61, 97, 512
"f:\coding\plexichat\src\plexichat\infrastructure\services\log_management.py", "Python", 0, 0, 377, 0, 0, 0, 0, 0, 0, 0, 0, 0, 0, 35, 100, 512
"f:\coding\plexichat\src\plexichat\infrastructure\services\message_service.py", "Python", 0, 0, 342, 0, 0, 0, 0, 0, 0, 0, 0, 0, 0, 41, 80, 463
"f:\coding\plexichat\src\plexichat\infrastructure\services\missing_modules.py", "Python", 0, 0, 447, 0, 0, 0, 0, 0, 0, 0, 0, 0, 0, 149, 177, 773
"f:\coding\plexichat\src\plexichat\infrastructure\services\moderation_service.py", "Python", 0, 0, 1003, 0, 0, 0, 0, 0, 0, 0, 0, 0, 0, 35, 146, 1184
"f:\coding\plexichat\src\plexichat\infrastructure\services\modules\metrics_service.py", "Python", 0, 0, 362, 0, 0, 0, 0, 0, 0, 0, 0, 0, 0, 46, 86, 494
"f:\coding\plexichat\src\plexichat\infrastructure\services\p2p_messaging.py", "Python", 0, 0, 330, 0, 0, 0, 0, 0, 0, 0, 0, 0, 0, 58, 92, 480
"f:\coding\plexichat\src\plexichat\infrastructure\services\performance_service.py", "Python", 0, 0, 511, 0, 0, 0, 0, 0, 0, 0, 0, 0, 0, 107, 115, 733
"f:\coding\plexichat\src\plexichat\infrastructure\services\plugin_marketplace_service.py", "Python", 0, 0, 1027, 0, 0, 0, 0, 0, 0, 0, 0, 0, 0, 137, 200, 1364
"f:\coding\plexichat\src\plexichat\infrastructure\services\plugin_oauth_provider.py", "Python", 0, 0, 467, 0, 0, 0, 0, 0, 0, 0, 0, 0, 0, 69, 123, 659
"f:\coding\plexichat\src\plexichat\infrastructure\services\security_service.py", "Python", 0, 0, 431, 0, 0, 0, 0, 0, 0, 0, 0, 0, 0, 89, 88, 608
"f:\coding\plexichat\src\plexichat\infrastructure\services\theming_service.py", "Python", 0, 0, 502, 0, 0, 0, 0, 0, 0, 0, 0, 0, 0, 52, 74, 628
"f:\coding\plexichat\src\plexichat\infrastructure\services\user_management.py", "Python", 0, 0, 405, 0, 0, 0, 0, 0, 0, 0, 0, 0, 0, 61, 36, 502
"f:\coding\plexichat\src\plexichat\infrastructure\utils.py", "Python", 0, 0, 258, 0, 0, 0, 0, 0, 0, 0, 0, 0, 0, 43, 76, 377
"f:\coding\plexichat\src\plexichat\infrastructure\utils\__init__.py", "Python", 0, 0, 0, 0, 0, 0, 0, 0, 0, 0, 0, 0, 0, 0, 2, 2
"f:\coding\plexichat\src\plexichat\infrastructure\utils\common_utils.py", "Python", 0, 0, 314, 0, 0, 0, 0, 0, 0, 0, 0, 0, 0, 63, 88, 465
"f:\coding\plexichat\src\plexichat\infrastructure\utils\compilation.py", "Python", 0, 0, 157, 0, 0, 0, 0, 0, 0, 0, 0, 0, 0, 56, 51, 264
"f:\coding\plexichat\src\plexichat\infrastructure\utils\helpers.py", "Python", 0, 0, 258, 0, 0, 0, 0, 0, 0, 0, 0, 0, 0, 47, 83, 388
"f:\coding\plexichat\src\plexichat\infrastructure\utils\helpers_optimized.py", "Python", 0, 0, 270, 0, 0, 0, 0, 0, 0, 0, 0, 0, 0, 50, 87, 407
"f:\coding\plexichat\src\plexichat\infrastructure\utils\ip_security.py", "Python", 0, 0, 298, 0, 0, 0, 0, 0, 0, 0, 0, 0, 0, 55, 76, 429
"f:\coding\plexichat\src\plexichat\infrastructure\utils\monitoring\__init__.py", "Python", 0, 0, 0, 0, 0, 0, 0, 0, 0, 0, 0, 0, 0, 0, 2, 2
"f:\coding\plexichat\src\plexichat\infrastructure\utils\performance.py", "Python", 0, 0, 228, 0, 0, 0, 0, 0, 0, 0, 0, 0, 0, 59, 90, 377
"f:\coding\plexichat\src\plexichat\infrastructure\utils\qemu_manager.py", "Python", 0, 0, 71, 0, 0, 0, 0, 0, 0, 0, 0, 0, 0, 15, 17, 103
"f:\coding\plexichat\src\plexichat\infrastructure\utils\scheduling.py", "Python", 0, 0, 288, 0, 0, 0, 0, 0, 0, 0, 0, 0, 0, 30, 74, 392
"f:\coding\plexichat\src\plexichat\infrastructure\utils\security.py", "Python", 0, 0, 328, 0, 0, 0, 0, 0, 0, 0, 0, 0, 0, 52, 63, 443
"f:\coding\plexichat\src\plexichat\infrastructure\utils\shutdown.py", "Python", 0, 0, 218, 0, 0, 0, 0, 0, 0, 0, 0, 0, 0, 37, 71, 326
"f:\coding\plexichat\src\plexichat\infrastructure\utils\snowflake.py", "Python", 0, 0, 37, 0, 0, 0, 0, 0, 0, 0, 0, 0, 0, 6, 11, 54
"f:\coding\plexichat\src\plexichat\infrastructure\utils\static_analysis_reporter.py", "Python", 0, 0, 149, 0, 0, 0, 0, 0, 0, 0, 0, 0, 0, 29, 37, 215
"f:\coding\plexichat\src\plexichat\infrastructure\utils\structured_logging.py", "Python", 0, 0, 6, 0, 0, 0, 0, 0, 0, 0, 0, 0, 0, 1, 4, 11
"f:\coding\plexichat\src\plexichat\infrastructure\utils\utilities.py", "Python", 0, 0, 387, 0, 0, 0, 0, 0, 0, 0, 0, 0, 0, 55, 84, 526
"f:\coding\plexichat\src\plexichat\infrastructure\utils\validation.py", "Python", 0, 0, 331, 0, 0, 0, 0, 0, 0, 0, 0, 0, 0, 57, 95, 483
"f:\coding\plexichat\src\plexichat\interfaces\__init__.py", "Python", 0, 0, 48, 0, 0, 0, 0, 0, 0, 0, 0, 0, 0, 8, 27, 83
"f:\coding\plexichat\src\plexichat\interfaces\api\auth_utils.py", "Python", 0, 0, 46, 0, 0, 0, 0, 0, 0, 0, 0, 0, 0, 8, 15, 69
"f:\coding\plexichat\src\plexichat\interfaces\api\main_api.py", "Python", 0, 0, 373, 0, 0, 0, 0, 0, 0, 0, 0, 0, 0, 81, 122, 576
"f:\coding\plexichat\src\plexichat\interfaces\api\routers\file_sharing_router.py", "Python", 0, 0, 306, 0, 0, 0, 0, 0, 0, 0, 0, 0, 0, 49, 79, 434
"f:\coding\plexichat\src\plexichat\interfaces\api\routers\notification_router.py", "Python", 0, 0, 362, 0, 0, 0, 0, 0, 0, 0, 0, 0, 0, 48, 76, 486
"f:\coding\plexichat\src\plexichat\interfaces\api\routers\performance_router.py", "Python", 0, 0, 361, 0, 0, 0, 0, 0, 0, 0, 0, 0, 0, 30, 59, 450
"f:\coding\plexichat\src\plexichat\interfaces\api\routers\status_router.py", "Python", 0, 0, 214, 0, 0, 0, 0, 0, 0, 0, 0, 0, 0, 26, 54, 294
"f:\coding\plexichat\src\plexichat\interfaces\api\schemas\user.py", "Python", 0, 0, 47, 0, 0, 0, 0, 0, 0, 0, 0, 0, 0, 4, 20, 71
"f:\coding\plexichat\src\plexichat\interfaces\api\v1.py", "Python", 0, 0, 223, 0, 0, 0, 0, 0, 0, 0, 0, 0, 0, 46, 84, 353
"f:\coding\plexichat\src\plexichat\interfaces\api\v1\__init__.py", "Python", 0, 0, 36, 0, 0, 0, 0, 0, 0, 0, 0, 0, 0, 21, 12, 69
"f:\coding\plexichat\src\plexichat\interfaces\api\v1\admin.py", "Python", 0, 0, 243, 0, 0, 0, 0, 0, 0, 0, 0, 0, 0, 40, 60, 343
"f:\coding\plexichat\src\plexichat\interfaces\api\v1\auth.py", "Python", 0, 0, 214, 0, 0, 0, 0, 0, 0, 0, 0, 0, 0, 41, 55, 310
"f:\coding\plexichat\src\plexichat\interfaces\api\v1\backups.py", "Python", 0, 0, 272, 0, 0, 0, 0, 0, 0, 0, 0, 0, 0, 83, 68, 423
"f:\coding\plexichat\src\plexichat\interfaces\api\v1\client_settings.py", "Python", 0, 0, 669, 0, 0, 0, 0, 0, 0, 0, 0, 0, 0, 84, 92, 845
"f:\coding\plexichat\src\plexichat\interfaces\api\v1\export.py", "Python", 0, 0, 186, 0, 0, 0, 0, 0, 0, 0, 0, 0, 0, 32, 38, 256
"f:\coding\plexichat\src\plexichat\interfaces\api\v1\files.py", "Python", 0, 0, 358, 0, 0, 0, 0, 0, 0, 0, 0, 0, 0, 42, 53, 453
"f:\coding\plexichat\src\plexichat\interfaces\api\v1\groups.py", "Python", 0, 0, 101, 0, 0, 0, 0, 0, 0, 0, 0, 0, 0, 12, 38, 151
"f:\coding\plexichat\src\plexichat\interfaces\api\v1\keyboard.py", "Python", 0, 0, 225, 0, 0, 0, 0, 0, 0, 0, 0, 0, 0, 44, 61, 330
"f:\coding\plexichat\src\plexichat\interfaces\api\v1\messages.py", "Python", 0, 0, 187, 0, 0, 0, 0, 0, 0, 0, 0, 0, 0, 29, 69, 285
"f:\coding\plexichat\src\plexichat\interfaces\api\v1\notifications.py", "Python", 0, 0, 362, 0, 0, 0, 0, 0, 0, 0, 0, 0, 0, 48, 76, 486
"f:\coding\plexichat\src\plexichat\interfaces\api\v1\rate_limits.py", "Python", 0, 0, 69, 0, 0, 0, 0, 0, 0, 0, 0, 0, 0, 5, 37, 111
"f:\coding\plexichat\src\plexichat\interfaces\api\v1\realtime.py", "Python", 0, 0, 52, 0, 0, 0, 0, 0, 0, 0, 0, 0, 0, 8, 19, 79
"f:\coding\plexichat\src\plexichat\interfaces\api\v1\router.py", "Python", 0, 0, 313, 0, 0, 0, 0, 0, 0, 0, 0, 0, 0, 50, 54, 417
"f:\coding\plexichat\src\plexichat\interfaces\api\v1\search.py", "Python", 0, 0, 177, 0, 0, 0, 0, 0, 0, 0, 0, 0, 0, 20, 46, 243
"f:\coding\plexichat\src\plexichat\interfaces\api\v1\shards.py", "Python", 0, 0, 688, 0, 0, 0, 0, 0, 0, 0, 0, 0, 0, 124, 139, 951
"f:\coding\plexichat\src\plexichat\interfaces\api\v1\system.py", "Python", 0, 0, 253, 0, 0, 0, 0, 0, 0, 0, 0, 0, 0, 33, 50, 336
"f:\coding\plexichat\src\plexichat\interfaces\api\v1\threads.py", "Python", 0, 0, 188, 0, 0, 0, 0, 0, 0, 0, 0, 0, 0, 12, 56, 256
"f:\coding\plexichat\src\plexichat\interfaces\api\v1\typing.py", "Python", 0, 0, 196, 0, 0, 0, 0, 0, 0, 0, 0, 0, 0, 33, 70, 299
"f:\coding\plexichat\src\plexichat\interfaces\api\v1\user_settings.py", "Python", 0, 0, 34, 0, 0, 0, 0, 0, 0, 0, 0, 0, 0, 7, 21, 62
"f:\coding\plexichat\src\plexichat\interfaces\api\v1\users.py", "Python", 0, 0, 123, 0, 0, 0, 0, 0, 0, 0, 0, 0, 0, 17, 34, 174
"f:\coding\plexichat\src\plexichat\interfaces\cli\__init__.py", "Python", 0, 0, 11, 0, 0, 0, 0, 0, 0, 0, 0, 0, 0, 4, 8, 23
"f:\coding\plexichat\src\plexichat\interfaces\cli\advanced_cli.py", "Python", 0, 0, 316, 0, 0, 0, 0, 0, 0, 0, 0, 0, 0, 37, 54, 407
"f:\coding\plexichat\src\plexichat\interfaces\cli\cli_default.py", "Python", 0, 0, 519, 0, 0, 0, 0, 0, 0, 0, 0, 0, 0, 33, 45, 597
"f:\coding\plexichat\src\plexichat\interfaces\cli\cli_manager.py", "Python", 0, 0, 88, 0, 0, 0, 0, 0, 0, 0, 0, 0, 0, 30, 24, 142
"f:\coding\plexichat\src\plexichat\interfaces\cli\commands\admin.py", "Python", 0, 0, 63, 0, 0, 0, 0, 0, 0, 0, 0, 0, 0, 6, 26, 95
"f:\coding\plexichat\src\plexichat\interfaces\cli\commands\ai.py", "Python", 0, 0, 71, 0, 0, 0, 0, 0, 0, 0, 0, 0, 0, 6, 36, 113
"f:\coding\plexichat\src\plexichat\interfaces\cli\commands\antivirus.py", "Python", 0, 0, 79, 0, 0, 0, 0, 0, 0, 0, 0, 0, 0, 6, 31, 116
"f:\coding\plexichat\src\plexichat\interfaces\cli\commands\automation.py", "Python", 0, 0, 78, 0, 0, 0, 0, 0, 0, 0, 0, 0, 0, 8, 26, 112
"f:\coding\plexichat\src\plexichat\interfaces\cli\commands\backup.py", "Python", 0, 0, 582, 0, 0, 0, 0, 0, 0, 0, 0, 0, 0, 40, 58, 680
"f:\coding\plexichat\src\plexichat\interfaces\cli\commands\cluster.py", "Python", 0, 0, 415, 0, 0, 0, 0, 0, 0, 0, 0, 0, 0, 47, 59, 521
"f:\coding\plexichat\src\plexichat\interfaces\cli\commands\database.py", "Python", 0, 0, 62, 0, 0, 0, 0, 0, 0, 0, 0, 0, 0, 6, 25, 93
"f:\coding\plexichat\src\plexichat\interfaces\cli\commands\logs.py", "Python", 0, 0, 80, 0, 0, 0, 0, 0, 0, 0, 0, 0, 0, 8, 28, 116
"f:\coding\plexichat\src\plexichat\interfaces\cli\commands\plugins.py", "Python", 0, 0, 623, 0, 0, 0, 0, 0, 0, 0, 0, 0, 0, 78, 72, 773
"f:\coding\plexichat\src\plexichat\interfaces\cli\commands\security.py", "Python", 0, 0, 892, 0, 0, 0, 0, 0, 0, 0, 0, 0, 0, 84, 92, 1068
"f:\coding\plexichat\src\plexichat\interfaces\cli\commands\settings.py", "Python", 0, 0, 780, 0, 0, 0, 0, 0, 0, 0, 0, 0, 0, 63, 175, 1018
"f:\coding\plexichat\src\plexichat\interfaces\cli\commands\system.py", "Python", 0, 0, 54, 0, 0, 0, 0, 0, 0, 0, 0, 0, 0, 8, 20, 82
"f:\coding\plexichat\src\plexichat\interfaces\cli\commands\updates.py", "Python", 0, 0, 98, 0, 0, 0, 0, 0, 0, 0, 0, 0, 0, 11, 35, 144
"f:\coding\plexichat\src\plexichat\interfaces\cli\console_manager.py", "Python", 0, 0, 214, 0, 0, 0, 0, 0, 0, 0, 0, 0, 0, 16, 36, 266
"f:\coding\plexichat\src\plexichat\interfaces\cli\interactive_dashboard.py", "Python", 0, 0, 132, 0, 0, 0, 0, 0, 0, 0, 0, 0, 0, 9, 32, 173
"f:\coding\plexichat\src\plexichat\interfaces\cli\main_cli.py", "Python", 0, 0, 113, 0, 0, 0, 0, 0, 0, 0, 0, 0, 0, 11, 24, 148
"f:\coding\plexichat\src\plexichat\interfaces\cli\ultimate\cli_coordinator.py", "Python", 0, 0, 146, 0, 0, 0, 0, 0, 0, 0, 0, 0, 0, 18, 28, 192
"f:\coding\plexichat\src\plexichat\interfaces\cli\ultimate\main.py", "Python", 0, 0, 82, 0, 0, 0, 0, 0, 0, 0, 0, 0, 0, 13, 28, 123
"f:\coding\plexichat\src\plexichat\interfaces\web\__init__.py", "Python", 0, 0, 47, 0, 0, 0, 0, 0, 0, 0, 0, 0, 0, 13, 14, 74
"f:\coding\plexichat\src\plexichat\interfaces\web\components\__init__.py", "Python", 0, 0, 0, 0, 0, 0, 0, 0, 0, 0, 0, 0, 0, 0, 2, 2
"f:\coding\plexichat\src\plexichat\interfaces\web\components\advanced_database_wizard.py", "Python", 0, 0, 367, 0, 0, 0, 0, 0, 0, 0, 0, 0, 0, 41, 53, 461
"f:\coding\plexichat\src\plexichat\interfaces\web\components\thread_component.py", "Python", 0, 0, 662, 0, 0, 0, 0, 0, 0, 0, 0, 0, 0, 47, 98, 807
"f:\coding\plexichat\src\plexichat\interfaces\web\core\advanced_router.py", "Python", 0, 0, 372, 0, 0, 0, 0, 0, 0, 0, 0, 0, 0, 69, 86, 527
"f:\coding\plexichat\src\plexichat\interfaces\web\core\config_manager.py", "Python", 0, 0, 335, 0, 0, 0, 0, 0, 0, 0, 0, 0, 0, 61, 85, 481
"f:\coding\plexichat\src\plexichat\interfaces\web\core\mfa_manager.py", "Python", 0, 0, 492, 0, 0, 0, 0, 0, 0, 0, 0, 0, 0, 79, 96, 667
"f:\coding\plexichat\src\plexichat\interfaces\web\main.py", "Python", 0, 0, 42, 0, 0, 0, 0, 0, 0, 0, 0, 0, 0, 9, 16, 67
"f:\coding\plexichat\src\plexichat\interfaces\web\middleware\__init__.py", "Python", 0, 0, 8, 0, 0, 0, 0, 0, 0, 0, 0, 0, 0, 17, 7, 32
"f:\coding\plexichat\src\plexichat\interfaces\web\middleware\comprehensive_security_middleware.py", "Python", 0, 0, 594, 0, 0, 0, 0, 0, 0, 0, 0, 0, 0, 91, 113, 798
"f:\coding\plexichat\src\plexichat\interfaces\web\middleware\security_middleware.py", "Python", 0, 0, 869, 0, 0, 0, 0, 0, 0, 0, 0, 0, 0, 89, 50, 1008
"f:\coding\plexichat\src\plexichat\interfaces\web\routers\__init__.py", "Python", 0, 0, 1, 0, 0, 0, 0, 0, 0, 0, 0, 0, 0, 9, 2, 12
"f:\coding\plexichat\src\plexichat\interfaces\web\routers\admin.py", "Python", 0, 0, 1399, 0, 0, 0, 0, 0, 0, 0, 0, 0, 0, 135, 189, 1723
"f:\coding\plexichat\src\plexichat\interfaces\web\routers\backup_management.py", "Python", 0, 0, 1050, 0, 0, 0, 0, 0, 0, 0, 0, 0, 0, 42, 45, 1137
"f:\coding\plexichat\src\plexichat\interfaces\web\routers\cache.py", "Python", 0, 0, 338, 0, 0, 0, 0, 0, 0, 0, 0, 0, 0, 102, 101, 541
"f:\coding\plexichat\src\plexichat\interfaces\web\routers\cli.py", "Python", 0, 0, 59, 0, 0, 0, 0, 0, 0, 0, 0, 0, 0, 12, 18, 89
"f:\coding\plexichat\src\plexichat\interfaces\web\routers\cluster.py", "Python", 0, 0, 1023, 0, 0, 0, 0, 0, 0, 0, 0, 0, 0, 102, 111, 1236
"f:\coding\plexichat\src\plexichat\interfaces\web\routers\config_management.py", "Python", 0, 0, 275, 0, 0, 0, 0, 0, 0, 0, 0, 0, 0, 23, 19, 317
"f:\coding\plexichat\src\plexichat\interfaces\web\routers\database_setup.py", "Python", 0, 0, 250, 0, 0, 0, 0, 0, 0, 0, 0, 0, 0, 26, 43, 319
"f:\coding\plexichat\src\plexichat\interfaces\web\routers\file_management.py", "Python", 0, 0, 197, 0, 0, 0, 0, 0, 0, 0, 0, 0, 0, 21, 52, 270
"f:\coding\plexichat\src\plexichat\interfaces\web\routers\files.py", "Python", 0, 0, 461, 0, 0, 0, 0, 0, 0, 0, 0, 0, 0, 92, 93, 646
"f:\coding\plexichat\src\plexichat\interfaces\web\routers\help.py", "Python", 0, 0, 308, 0, 0, 0, 0, 0, 0, 0, 0, 0, 0, 143, 26, 477
"f:\coding\plexichat\src\plexichat\interfaces\web\routers\login.py", "Python", 0, 0, 349, 0, 0, 0, 0, 0, 0, 0, 0, 0, 0, 51, 57, 457
"f:\coding\plexichat\src\plexichat\interfaces\web\routers\logs.py", "Python", 0, 0, 68, 0, 0, 0, 0, 0, 0, 0, 0, 0, 0, 0, 11, 79
"f:\coding\plexichat\src\plexichat\interfaces\web\routers\messages.py", "Python", 0, 0, 332, 0, 0, 0, 0, 0, 0, 0, 0, 0, 0, 35, 72, 439
"f:\coding\plexichat\src\plexichat\interfaces\web\routers\messaging_websocket_router.py", "Python", 0, 0, 269, 0, 0, 0, 0, 0, 0, 0, 0, 0, 0, 83, 55, 407
"f:\coding\plexichat\src\plexichat\interfaces\web\routers\plugins.py", "Python", 0, 0, 752, 0, 0, 0, 0, 0, 0, 0, 0, 0, 0, 78, 111, 941
"f:\coding\plexichat\src\plexichat\interfaces\web\routers\queue.py", "Python", 0, 0, 363, 0, 0, 0, 0, 0, 0, 0, 0, 0, 0, 93, 96, 552
"f:\coding\plexichat\src\plexichat\interfaces\web\routers\rate_limiting_admin.py", "Python", 0, 0, 385, 0, 0, 0, 0, 0, 0, 0, 0, 0, 0, 33, 32, 450
"f:\coding\plexichat\src\plexichat\interfaces\web\routers\secure_api_example.py", "Python", 0, 0, 369, 0, 0, 0, 0, 0, 0, 0, 0, 0, 0, 41, 79, 489
"f:\coding\plexichat\src\plexichat\interfaces\web\routers\security_management.py", "Python", 0, 0, 897, 0, 0, 0, 0, 0, 0, 0, 0, 0, 0, 101, 191, 1189
"f:\coding\plexichat\src\plexichat\interfaces\web\routers\setup.py", "Python", 0, 0, 727, 0, 0, 0, 0, 0, 0, 0, 0, 0, 0, 65, 143, 935
"f:\coding\plexichat\src\plexichat\interfaces\web\routers\status.py", "Python", 0, 0, 193, 0, 0, 0, 0, 0, 0, 0, 0, 0, 0, 35, 44, 272
"f:\coding\plexichat\src\plexichat\interfaces\web\routers\system.py", "Python", 0, 0, 367, 0, 0, 0, 0, 0, 0, 0, 0, 0, 0, 49, 70, 486
"f:\coding\plexichat\src\plexichat\interfaces\web\routers\ultimate_webui.py", "Python", 0, 0, 625, 0, 0, 0, 0, 0, 0, 0, 0, 0, 0, 31, 61, 717
"f:\coding\plexichat\src\plexichat\interfaces\web\routers\updates.py", "Python", 0, 0, 330, 0, 0, 0, 0, 0, 0, 0, 0, 0, 0, 56, 76, 462
"f:\coding\plexichat\src\plexichat\interfaces\web\routers\users.py", "Python", 0, 0, 453, 0, 0, 0, 0, 0, 0, 0, 0, 0, 0, 50, 90, 593
"f:\coding\plexichat\src\plexichat\interfaces\web\routers\web.py", "Python", 0, 0, 314, 0, 0, 0, 0, 0, 0, 0, 0, 0, 0, 52, 29, 395
"f:\coding\plexichat\src\plexichat\interfaces\web\routers\webhooks.py", "Python", 0, 0, 491, 0, 0, 0, 0, 0, 0, 0, 0, 0, 0, 53, 84, 628
"f:\coding\plexichat\src\plexichat\interfaces\web\routers\websocket.py", "Python", 0, 0, 376, 0, 0, 0, 0, 0, 0, 0, 0, 0, 0, 72, 81, 529
"f:\coding\plexichat\src\plexichat\interfaces\web\routers\webui.py", "Python", 0, 0, 379, 0, 0, 0, 0, 0, 0, 0, 0, 0, 0, 14, 17, 410
"f:\coding\plexichat\src\plexichat\interfaces\web\routes\__init__.py", "Python", 0, 0, 9, 0, 0, 0, 0, 0, 0, 0, 0, 0, 0, 13, 4, 26
"f:\coding\plexichat\src\plexichat\interfaces\web\routes\admin\ai_features_routes.py", "Python", 0, 0, 448, 0, 0, 0, 0, 0, 0, 0, 0, 0, 0, 58, 52, 558
"f:\coding\plexichat\src\plexichat\interfaces\web\routes\admin\zero_knowledge_security_routes.py", "Python", 0, 0, 184, 0, 0, 0, 0, 0, 0, 0, 0, 0, 0, 14, 62, 260
"f:\coding\plexichat\src\plexichat\interfaces\web\routes\collaboration\__init__.py", "Python", 0, 0, 0, 0, 0, 0, 0, 0, 0, 0, 0, 0, 0, 8, 2, 10
"f:\coding\plexichat\src\plexichat\interfaces\web\routes\collaboration\chat.py", "Python", 0, 0, 90, 0, 0, 0, 0, 0, 0, 0, 0, 0, 0, 12, 19, 121
"f:\coding\plexichat\src\plexichat\interfaces\web\routes\collaboration\whiteboard.py", "Python", 0, 0, 5, 0, 0, 0, 0, 0, 0, 0, 0, 0, 0, 6, 4, 15
"f:\coding\plexichat\src\plexichat\interfaces\web\routes\collaboration_routes.py", "Python", 0, 0, 23, 0, 0, 0, 0, 0, 0, 0, 0, 0, 0, 14, 14, 51
"f:\coding\plexichat\src\plexichat\interfaces\web\routes\dashboard_routes.py", "Python", 0, 0, 108, 0, 0, 0, 0, 0, 0, 0, 0, 0, 0, 24, 32, 164
"f:\coding\plexichat\src\plexichat\interfaces\web\routes\debug.py", "Python", 0, 0, 368, 0, 0, 0, 0, 0, 0, 0, 0, 0, 0, 48, 101, 517
"f:\coding\plexichat\src\plexichat\interfaces\web\routes\performance_routes.py", "Python", 0, 0, 238, 0, 0, 0, 0, 0, 0, 0, 0, 0, 0, 36, 56, 330
"f:\coding\plexichat\src\plexichat\interfaces\web\routes\plugin_tests.py", "Python", 0, 0, 195, 0, 0, 0, 0, 0, 0, 0, 0, 0, 0, 140, 79, 414
"f:\coding\plexichat\src\plexichat\interfaces\web\schemas\__init__.py", "Python", 0, 0, 1, 0, 0, 0, 0, 0, 0, 0, 0, 0, 0, 9, 2, 12
"f:\coding\plexichat\src\plexichat\interfaces\web\schemas\auth.py", "Python", 0, 0, 43, 0, 0, 0, 0, 0, 0, 0, 0, 0, 0, 10, 23, 76
"f:\coding\plexichat\src\plexichat\interfaces\web\schemas\auth_optimized.py", "Python", 0, 0, 45, 0, 0, 0, 0, 0, 0, 0, 0, 0, 0, 15, 23, 83
"f:\coding\plexichat\src\plexichat\interfaces\web\schemas\error.py", "Python", 0, 0, 92, 0, 0, 0, 0, 0, 0, 0, 0, 0, 0, 16, 39, 147
"f:\coding\plexichat\src\plexichat\interfaces\web\schemas\files.py", "Python", 0, 0, 157, 0, 0, 0, 0, 0, 0, 0, 0, 0, 0, 17, 46, 220
"f:\coding\plexichat\src\plexichat\interfaces\web\schemas\files_optimized.py", "Python", 0, 0, 157, 0, 0, 0, 0, 0, 0, 0, 0, 0, 0, 25, 46, 228
"f:\coding\plexichat\src\plexichat\interfaces\web\schemas\message.py", "Python", 0, 0, 108, 0, 0, 0, 0, 0, 0, 0, 0, 0, 0, 16, 43, 167
"f:\coding\plexichat\src\plexichat\interfaces\web\schemas\message_optimized.py", "Python", 0, 0, 108, 0, 0, 0, 0, 0, 0, 0, 0, 0, 0, 16, 43, 167
"f:\coding\plexichat\src\plexichat\interfaces\web\schemas\status.py", "Python", 0, 0, 27, 0, 0, 0, 0, 0, 0, 0, 0, 0, 0, 3, 10, 40
"f:\coding\plexichat\src\plexichat\interfaces\web\schemas\user.py", "Python", 0, 0, 90, 0, 0, 0, 0, 0, 0, 0, 0, 0, 0, 13, 30, 133
"f:\coding\plexichat\src\plexichat\interfaces\web\schemas\user_optimized.py", "Python", 0, 0, 72, 0, 0, 0, 0, 0, 0, 0, 0, 0, 0, 13, 30, 115
"f:\coding\plexichat\src\plexichat\interfaces\web\static\css\advanced-dashboard.css", "PostCSS", 0, 0, 0, 0, 0, 0, 0, 0, 0, 326, 0, 0, 0, 20, 62, 408
"f:\coding\plexichat\src\plexichat\interfaces\web\static\css\api-docs.css", "PostCSS", 0, 0, 0, 0, 0, 0, 0, 0, 0, 667, 0, 0, 0, 26, 116, 809
"f:\coding\plexichat\src\plexichat\interfaces\web\static\css\chat.css", "PostCSS", 0, 0, 0, 0, 0, 0, 0, 0, 0, 535, 0, 0, 0, 12, 106, 653
"f:\coding\plexichat\src\plexichat\interfaces\web\static\css\components.css", "PostCSS", 0, 0, 0, 0, 0, 0, 0, 0, 0, 318, 0, 0, 0, 11, 51, 380
"f:\coding\plexichat\src\plexichat\interfaces\web\static\css\main.css", "PostCSS", 0, 0, 0, 0, 0, 0, 0, 0, 0, 479, 0, 0, 0, 25, 84, 588
"f:\coding\plexichat\src\plexichat\interfaces\web\static\css\modern-ui.css", "PostCSS", 0, 0, 0, 0, 0, 0, 0, 0, 0, 458, 0, 0, 0, 22, 95, 575
"f:\coding\plexichat\src\plexichat\interfaces\web\static\css\themes.css", "PostCSS", 0, 0, 0, 0, 0, 0, 0, 0, 0, 202, 0, 0, 0, 24, 34, 260
"f:\coding\plexichat\src\plexichat\interfaces\web\static\js\advanced-config-editor.js", "JavaScript", 0, 0, 0, 0, 0, 0, 0, 0, 0, 0, 375, 0, 0, 13, 34, 422
"f:\coding\plexichat\src\plexichat\interfaces\web\static\js\advanced-dashboard.js", "JavaScript", 0, 0, 0, 0, 0, 0, 0, 0, 0, 0, 405, 0, 0, 24, 77, 506
"f:\coding\plexichat\src\plexichat\interfaces\web\static\js\advanced-ui.js", "JavaScript", 0, 0, 0, 0, 0, 0, 0, 0, 0, 0, 298, 0, 0, 31, 46, 375
"f:\coding\plexichat\src\plexichat\interfaces\web\static\js\api-docs.js", "JavaScript", 0, 0, 0, 0, 0, 0, 0, 0, 0, 0, 663, 0, 0, 15, 71, 749
"f:\coding\plexichat\src\plexichat\interfaces\web\static\js\chat.js", "JavaScript", 0, 0, 0, 0, 0, 0, 0, 0, 0, 0, 207, 0, 0, 18, 40, 265
"f:\coding\plexichat\src\plexichat\interfaces\web\static\js\components.js", "JavaScript", 0, 0, 0, 0, 0, 0, 0, 0, 0, 0, 641, 0, 0, 16, 22, 679
"f:\coding\plexichat\src\plexichat\interfaces\web\static\js\main.js", "JavaScript", 0, 0, 0, 0, 0, 0, 0, 0, 0, 0, 458, 0, 0, 38, 76, 572
"f:\coding\plexichat\src\plexichat\interfaces\web\static\js\shortcuts.js", "JavaScript", 0, 0, 0, 0, 0, 0, 0, 0, 0, 0, 372, 0, 0, 24, 64, 460
"f:\coding\plexichat\src\plexichat\interfaces\web\static\js\typing-indicator.js", "JavaScript", 0, 0, 0, 0, 0, 0, 0, 0, 0, 0, 209, 0, 0, 15, 44, 268
"f:\coding\plexichat\src\plexichat\interfaces\web\static\js\web-cli.js", "JavaScript", 0, 0, 0, 0, 0, 0, 0, 0, 0, 0, 401, 0, 0, 30, 84, 515
"f:\coding\plexichat\src\plexichat\interfaces\web\static\js\websocket.js", "JavaScript", 0, 0, 0, 0, 0, 0, 0, 0, 0, 0, 181, 0, 0, 20, 41, 242
"f:\coding\plexichat\src\plexichat\interfaces\web\static\manifest.json", "JSON", 0, 183, 0, 0, 0, 0, 0, 0, 0, 0, 0, 0, 0, 0, 13, 196
"f:\coding\plexichat\src\plexichat\interfaces\web\static\plugin-manager\config-template.html", "HTML", 0, 0, 0, 0, 0, 0, 0, 0, 39, 0, 0, 0, 0, 1, 9, 49
"f:\coding\plexichat\src\plexichat\interfaces\web\static\plugin-manager\marketplace.html", "HTML", 0, 0, 0, 0, 0, 0, 0, 0, 37, 0, 0, 0, 0, 1, 6, 44
"f:\coding\plexichat\src\plexichat\interfaces\web\static\plugin-manager\plugin-manager.css", "PostCSS", 0, 0, 0, 0, 0, 0, 0, 0, 0, 319, 0, 0, 0, 2, 60, 381
"f:\coding\plexichat\src\plexichat\interfaces\web\static\plugin-manager\plugin-manager.html", "HTML", 0, 0, 0, 0, 0, 0, 0, 0, 99, 0, 0, 0, 0, 4, 8, 111
"f:\coding\plexichat\src\plexichat\interfaces\web\static\plugin-manager\plugin-manager.js", "JavaScript", 0, 0, 0, 0, 0, 0, 0, 0, 0, 0, 368, 0, 0, 11, 61, 440
"f:\coding\plexichat\src\plexichat\interfaces\web\templates\admin\advanced_config_editor.html", "HTML", 0, 0, 0, 0, 0, 0, 0, 0, 221, 0, 0, 0, 0, 14, 16, 251
"f:\coding\plexichat\src\plexichat\interfaces\web\templates\admin\ai_features_management.html", "HTML", 0, 0, 0, 0, 0, 0, 0, 0, 1092, 0, 0, 0, 0, 15, 129, 1236
"f:\coding\plexichat\src\plexichat\interfaces\web\templates\admin\backup.html", "HTML", 0, 0, 0, 0, 0, 0, 0, 0, 869, 0, 0, 0, 0, 14, 125, 1008
"f:\coding\plexichat\src\plexichat\interfaces\web\templates\admin\backup_management.html", "HTML", 0, 0, 0, 0, 0, 0, 0, 0, 433, 0, 0, 0, 0, 15, 35, 483
"f:\coding\plexichat\src\plexichat\interfaces\web\templates\admin\backup_manager.html", "HTML", 0, 0, 0, 0, 0, 0, 0, 0, 770, 0, 0, 0, 0, 15, 112, 897
"f:\coding\plexichat\src\plexichat\interfaces\web\templates\admin\base.html", "HTML", 0, 0, 0, 0, 0, 0, 0, 0, 182, 0, 0, 0, 0, 7, 14, 203
"f:\coding\plexichat\src\plexichat\interfaces\web\templates\admin\clustering_management.html", "HTML", 0, 0, 0, 0, 0, 0, 0, 0, 1059, 0, 0, 0, 0, 21, 93, 1173
"f:\coding\plexichat\src\plexichat\interfaces\web\templates\admin\communication_management.html", "HTML", 0, 0, 0, 0, 0, 0, 0, 0, 655, 0, 0, 0, 0, 8, 81, 744
"f:\coding\plexichat\src\plexichat\interfaces\web\templates\admin\config.html", "HTML", 0, 0, 0, 0, 0, 0, 0, 0, 638, 0, 0, 0, 0, 11, 92, 741
"f:\coding\plexichat\src\plexichat\interfaces\web\templates\admin\config_editor.html", "HTML", 0, 0, 0, 0, 0, 0, 0, 0, 660, 0, 0, 0, 0, 14, 104, 778
"f:\coding\plexichat\src\plexichat\interfaces\web\templates\admin\config_management.html", "HTML", 0, 0, 0, 0, 0, 0, 0, 0, 444, 0, 0, 0, 0, 7, 58, 509
"f:\coding\plexichat\src\plexichat\interfaces\web\templates\admin\configuration.html", "HTML", 0, 0, 0, 0, 0, 0, 0, 0, 997, 0, 0, 0, 0, 10, 127, 1134
"f:\coding\plexichat\src\plexichat\interfaces\web\templates\admin\console.html", "HTML", 0, 0, 0, 0, 0, 0, 0, 0, 436, 0, 0, 0, 0, 3, 58, 497
"f:\coding\plexichat\src\plexichat\interfaces\web\templates\admin\dashboard.html", "HTML", 0, 0, 0, 0, 0, 0, 0, 0, 929, 0, 0, 0, 0, 12, 110, 1051
"f:\coding\plexichat\src\plexichat\interfaces\web\templates\admin\file_editor.html", "HTML", 0, 0, 0, 0, 0, 0, 0, 0, 786, 0, 0, 0, 0, 9, 126, 921
"f:\coding\plexichat\src\plexichat\interfaces\web\templates\admin\filters.html", "HTML", 0, 0, 0, 0, 0, 0, 0, 0, 592, 0, 0, 0, 0, 15, 71, 678
"f:\coding\plexichat\src\plexichat\interfaces\web\templates\admin\index.html", "HTML", 0, 0, 0, 0, 0, 0, 0, 0, 857, 0, 0, 0, 0, 13, 86, 956
"f:\coding\plexichat\src\plexichat\interfaces\web\templates\admin\logs.html", "HTML", 0, 0, 0, 0, 0, 0, 0, 0, 438, 0, 0, 0, 0, 5, 56, 499
"f:\coding\plexichat\src\plexichat\interfaces\web\templates\admin\performance_dashboard.html", "HTML", 0, 0, 0, 0, 0, 0, 0, 0, 665, 0, 0, 0, 0, 5, 96, 766
"f:\coding\plexichat\src\plexichat\interfaces\web\templates\admin\plugin_marketplace.html", "HTML", 0, 0, 0, 0, 0, 0, 0, 0, 551, 0, 0, 0, 0, 18, 65, 634
"f:\coding\plexichat\src\plexichat\interfaces\web\templates\admin\plugin_security.html", "HTML", 0, 0, 0, 0, 0, 0, 0, 0, 813, 0, 0, 0, 0, 11, 88, 912
"f:\coding\plexichat\src\plexichat\interfaces\web\templates\admin\security.html", "HTML", 0, 0, 0, 0, 0, 0, 0, 0, 1074, 0, 0, 0, 0, 11, 167, 1252
"f:\coding\plexichat\src\plexichat\interfaces\web\templates\admin\security_dashboard.html", "HTML", 0, 0, 0, 0, 0, 0, 0, 0, 940, 0, 0, 0, 0, 15, 83, 1038
"f:\coding\plexichat\src\plexichat\interfaces\web\templates\admin\setup_tutorials.html", "HTML", 0, 0, 0, 0, 0, 0, 0, 0, 714, 0, 0, 0, 0, 8, 91, 813
"f:\coding\plexichat\src\plexichat\interfaces\web\templates\admin\setup_wizard.html", "HTML", 0, 0, 0, 0, 0, 0, 0, 0, 1006, 0, 0, 0, 0, 13, 156, 1175
"f:\coding\plexichat\src\plexichat\interfaces\web\templates\admin\suggestions.html", "HTML", 0, 0, 0, 0, 0, 0, 0, 0, 780, 0, 0, 0, 0, 13, 108, 901
"f:\coding\plexichat\src\plexichat\interfaces\web\templates\admin\system.html", "HTML", 0, 0, 0, 0, 0, 0, 0, 0, 404, 0, 0, 0, 0, 9, 24, 437
"f:\coding\plexichat\src\plexichat\interfaces\web\templates\admin\updates.html", "HTML", 0, 0, 0, 0, 0, 0, 0, 0, 271, 0, 0, 0, 0, 5, 43, 319
"f:\coding\plexichat\src\plexichat\interfaces\web\templates\admin\users.html", "HTML", 0, 0, 0, 0, 0, 0, 0, 0, 381, 0, 0, 0, 0, 5, 33, 419
"f:\coding\plexichat\src\plexichat\interfaces\web\templates\admin\zero_knowledge_security_management.html", "HTML", 0, 0, 0, 0, 0, 0, 0, 0, 964, 0, 0, 0, 0, 13, 64, 1041
"f:\coding\plexichat\src\plexichat\interfaces\web\templates\admin_advanced.html", "HTML", 0, 0, 0, 0, 0, 0, 0, 0, 1104, 0, 0, 0, 0, 23, 102, 1229
"f:\coding\plexichat\src\plexichat\interfaces\web\templates\advanced_dashboard.html", "HTML", 0, 0, 0, 0, 0, 0, 0, 0, 447, 0, 0, 0, 0, 11, 60, 518
"f:\coding\plexichat\src\plexichat\interfaces\web\templates\api_docs.html", "HTML", 0, 0, 0, 0, 0, 0, 0, 0, 309, 0, 0, 0, 0, 14, 43, 366
"f:\coding\plexichat\src\plexichat\interfaces\web\templates\auth\admin_login.html", "HTML", 0, 0, 0, 0, 0, 0, 0, 0, 357, 0, 0, 0, 0, 3, 55, 415
"f:\coding\plexichat\src\plexichat\interfaces\web\templates\auth\login.html", "HTML", 0, 0, 0, 0, 0, 0, 0, 0, 569, 0, 0, 0, 0, 10, 89, 668
"f:\coding\plexichat\src\plexichat\interfaces\web\templates\base.html", "HTML", 0, 0, 0, 0, 0, 0, 0, 0, 249, 0, 0, 0, 0, 21, 22, 292
"f:\coding\plexichat\src\plexichat\interfaces\web\templates\calling_interface.html", "HTML", 0, 0, 0, 0, 0, 0, 0, 0, 549, 0, 0, 0, 0, 1, 99, 649
"f:\coding\plexichat\src\plexichat\interfaces\web\templates\chat.html", "HTML", 0, 0, 0, 0, 0, 0, 0, 0, 68, 0, 0, 0, 0, 8, 11, 87
"f:\coding\plexichat\src\plexichat\interfaces\web\templates\cli.html", "HTML", 0, 0, 0, 0, 0, 0, 0, 0, 466, 0, 0, 0, 0, 0, 66, 532
"f:\coding\plexichat\src\plexichat\interfaces\web\templates\custom_fields_manager.html", "HTML", 0, 0, 0, 0, 0, 0, 0, 0, 369, 0, 0, 0, 0, 13, 55, 437
"f:\coding\plexichat\src\plexichat\interfaces\web\templates\dashboard\index.html", "HTML", 0, 0, 0, 0, 0, 0, 0, 0, 311, 0, 0, 0, 0, 9, 17, 337
"f:\coding\plexichat\src\plexichat\interfaces\web\templates\debug_dashboard.html", "HTML", 0, 0, 0, 0, 0, 0, 0, 0, 504, 0, 0, 0, 0, 10, 56, 570
"f:\coding\plexichat\src\plexichat\interfaces\web\templates\docs\advanced_docs.html", "HTML", 0, 0, 0, 0, 0, 0, 0, 0, 919, 0, 0, 0, 0, 21, 107, 1047
"f:\coding\plexichat\src\plexichat\interfaces\web\templates\docs\index.html", "HTML", 0, 0, 0, 0, 0, 0, 0, 0, 391, 0, 0, 0, 0, 9, 50, 450
"f:\coding\plexichat\src\plexichat\interfaces\web\templates\docs\interactive.html", "HTML", 0, 0, 0, 0, 0, 0, 0, 0, 734, 0, 0, 0, 0, 10, 120, 864
"f:\coding\plexichat\src\plexichat\interfaces\web\templates\docs_advanced.html", "HTML", 0, 0, 0, 0, 0, 0, 0, 0, 550, 0, 0, 0, 0, 12, 79, 641
"f:\coding\plexichat\src\plexichat\interfaces\web\templates\errors\403.html", "HTML", 0, 0, 0, 0, 0, 0, 0, 0, 183, 0, 0, 0, 0, 0, 23, 206
"f:\coding\plexichat\src\plexichat\interfaces\web\templates\errors\404.html", "HTML", 0, 0, 0, 0, 0, 0, 0, 0, 300, 0, 0, 0, 0, 0, 39, 339
"f:\coding\plexichat\src\plexichat\interfaces\web\templates\errors\429.html", "HTML", 0, 0, 0, 0, 0, 0, 0, 0, 231, 0, 0, 0, 0, 0, 34, 265
"f:\coding\plexichat\src\plexichat\interfaces\web\templates\errors\500.html", "HTML", 0, 0, 0, 0, 0, 0, 0, 0, 219, 0, 0, 0, 0, 0, 28, 247
"f:\coding\plexichat\src\plexichat\interfaces\web\templates\help.html", "HTML", 0, 0, 0, 0, 0, 0, 0, 0, 642, 0, 0, 0, 0, 15, 92, 749
"f:\coding\plexichat\src\plexichat\interfaces\web\templates\index.html", "HTML", 0, 0, 0, 0, 0, 0, 0, 0, 525, 0, 0, 0, 0, 13, 45, 583
"f:\coding\plexichat\src\plexichat\interfaces\web\templates\login.html", "HTML", 0, 0, 0, 0, 0, 0, 0, 0, 250, 0, 0, 0, 0, 0, 37, 287
"f:\coding\plexichat\src\plexichat\interfaces\web\templates\management.html", "HTML", 0, 0, 0, 0, 0, 0, 0, 0, 1058, 0, 0, 0, 0, 20, 89, 1167
"f:\coding\plexichat\src\plexichat\interfaces\web\templates\moderation_dashboard.html", "HTML", 0, 0, 0, 0, 0, 0, 0, 0, 953, 0, 0, 0, 0, 22, 133, 1108
"f:\coding\plexichat\src\plexichat\interfaces\web\templates\plugin_tests_dashboard.html", "HTML", 0, 0, 0, 0, 0, 0, 0, 0, 380, 0, 0, 0, 0, 6, 34, 420
"f:\coding\plexichat\src\plexichat\interfaces\web\templates\plugins\marketplace.html", "HTML", 0, 0, 0, 0, 0, 0, 0, 0, 500, 0, 0, 0, 0, 3, 90, 593
"f:\coding\plexichat\src\plexichat\interfaces\web\templates\settings_dashboard.html", "HTML", 0, 0, 0, 0, 0, 0, 0, 0, 524, 0, 0, 0, 0, 6, 67, 597
"f:\coding\plexichat\src\plexichat\interfaces\web\templates\setup\admin.html", "HTML", 0, 0, 0, 0, 0, 0, 0, 0, 273, 0, 0, 0, 0, 0, 49, 322
"f:\coding\plexichat\src\plexichat\interfaces\web\templates\setup\complete.html", "HTML", 0, 0, 0, 0, 0, 0, 0, 0, 248, 0, 0, 0, 0, 0, 39, 287
"f:\coding\plexichat\src\plexichat\interfaces\web\templates\setup\database.html", "HTML", 0, 0, 0, 0, 0, 0, 0, 0, 239, 0, 0, 0, 0, 0, 33, 272
"f:\coding\plexichat\src\plexichat\interfaces\web\templates\setup\index.html", "HTML", 0, 0, 0, 0, 0, 0, 0, 0, 160, 0, 0, 0, 0, 0, 25, 185
"f:\coding\plexichat\src\plexichat\interfaces\web\templates\simplified\admin.html", "HTML", 0, 0, 0, 0, 0, 0, 0, 0, 457, 0, 0, 0, 0, 7, 62, 526
"f:\coding\plexichat\src\plexichat\interfaces\web\templates\simplified\dashboard.html", "HTML", 0, 0, 0, 0, 0, 0, 0, 0, 412, 0, 0, 0, 0, 4, 63, 479
"f:\coding\plexichat\src\plexichat\interfaces\web\templates\testing\dashboard.html", "HTML", 0, 0, 0, 0, 0, 0, 0, 0, 599, 0, 0, 0, 0, 14, 89, 702
"f:\coding\plexichat\src\plexichat\interfaces\websocket\websocket_manager.py", "Python", 0, 0, 102, 0, 0, 0, 0, 0, 0, 0, 0, 0, 0, 41, 49, 192
"f:\coding\plexichat\src\plexichat\main.py", "Python", 0, 0, 767, 0, 0, 0, 0, 0, 0, 0, 0, 0, 0, 148, 121, 1036
"f:\coding\plexichat\src\plexichat\plugins\echo\__init__.py", "Python", 0, 0, 14, 0, 0, 0, 0, 0, 0, 0, 0, 0, 0, 5, 8, 27
"f:\coding\plexichat\src\plexichat\plugins\echo\main.py", "Python", 0, 0, 12, 0, 0, 0, 0, 0, 0, 0, 0, 0, 0, 6, 7, 25
"f:\coding\plexichat\src\plexichat\plugins_internal.py", "Python", 0, 0, 217, 0, 0, 0, 0, 0, 0, 0, 0, 0, 0, 161, 69, 447
"f:\coding\plexichat\src\plexichat\plugins_internal.pyi", "Python", 0, 0, 51, 0, 0, 0, 0, 0, 0, 0, 0, 0, 0, 10, 12, 73
"f:\coding\plexichat\src\plexichat\shared\__init__.py", "Python", 0, 0, 12, 0, 0, 0, 0, 0, 0, 0, 0, 0, 0, 28, 9, 49
"f:\coding\plexichat\src\plexichat\shared\exceptions.py", "Python", 0, 0, 69, 0, 0, 0, 0, 0, 0, 0, 0, 0, 0, 18, 44, 131
"f:\coding\plexichat\src\plexichat\shared\models.py", "Python", 0, 0, 192, 0, 0, 0, 0, 0, 0, 0, 0, 0, 0, 39, 61, 292
"f:\coding\plexichat\src\plexichat\shared\types.py", "Python", 0, 0, 217, 0, 0, 0, 0, 0, 0, 0, 0, 0, 0, 62, 87, 366
"f:\coding\plexichat\src\plexichat\shared\validators.py", "Python", 0, 0, 279, 0, 0, 0, 0, 0, 0, 0, 0, 0, 0, 32, 73, 384
"f:\coding\plexichat\src\plexichat\version.py", "Python", 0, 0, 12, 0, 0, 0, 0, 0, 0, 0, 0, 0, 0, 4, 5, 21
"Total", "-", 28, 13888, 117236, 598, 68, 290, 87, 360, 37892, 3374, 4578, 105, 140, 21215, 31522, 231381